,Date,Price per unit (USD/lb)
0,2020-11-11,0.1278181818181818
1,2020-11-10,0.12804545454545455
2,2020-11-09,0.12875454545454545
3,2020-11-06,0.12518181818181817
4,2020-11-05,0.12506363636363635
5,2020-11-04,0.12518181818181817
6,2020-11-03,0.12375454545454545
7,2020-11-02,0.12452727272727272
8,2020-10-30,0.12490909090909091
9,2020-10-29,0.12404545454545453
10,2020-10-28,0.12289090909090909
11,2020-10-27,0.1220909090909091
12,2020-10-26,0.12154545454545454
13,2020-10-23,0.12138181818181819
14,2020-10-22,0.12165454545454545
15,2020-10-21,0.12218181818181818
16,2020-10-20,0.12227272727272727
17,2020-10-19,0.12236363636363635
18,2020-10-16,0.12554545454545454
19,2020-10-15,0.1263
20,2020-10-14,0.1258
21,2020-10-13,0.12557272727272728
22,2020-10-12,0.12481818181818183
23,2020-10-09,0.12568181818181817
24,2020-10-08,0.1255
25,2020-10-07,0.12590909090909091
26,2020-10-06,0.12557272727272728
27,2020-10-05,0.12731818181818183
28,2020-10-02,0.12718181818181817
29,2020-10-01,0.12811818181818183
30,2020-09-30,0.1285
31,2020-09-29,0.12993636363636366
32,2020-09-28,0.12811818181818183
33,2020-09-25,0.12756363636363635
34,2020-09-24,0.12949999999999998
35,2020-09-23,0.1290909090909091
36,2020-09-22,0.1288181818181818
37,2020-09-21,0.12824545454545455
38,2020-09-18,0.12807272727272725
39,2020-09-17,0.1272090909090909
40,2020-09-16,0.12772727272727272
41,2020-09-15,0.1288
42,2020-09-14,0.12863636363636363
43,2020-09-11,0.12727272727272726
44,2020-09-10,0.12652727272727274
45,2020-09-09,0.12581818181818183
46,2020-09-08,0.1263181818181818
47,2020-09-04,0.12513636363636363
48,2020-09-03,0.12509090909090909
49,2020-09-02,0.1260909090909091
50,2020-09-01,0.12739090909090908
51,2020-08-31,0.12754545454545455
52,2020-08-28,0.1272909090909091
53,2020-08-27,0.12907272727272726
54,2020-08-26,0.1295272727272727
55,2020-08-25,0.1293181818181818
56,2020-08-24,0.1290909090909091
57,2020-08-21,0.12993636363636366
58,2020-08-20,0.13039090909090909
59,2020-08-19,0.1305
60,2020-08-18,0.1302090909090909
61,2020-08-17,0.12975454545454546
62,2020-08-14,0.13084545454545454
63,2020-08-13,0.13177272727272726
64,2020-08-12,0.13204545454545455
65,2020-08-11,0.13136363636363638
66,2020-08-10,0.1305181818181818
67,2020-08-07,0.12975454545454546
68,2020-08-06,0.13043636363636363
69,2020-08-05,0.13163636363636363
70,2020-08-04,0.13154545454545455
71,2020-08-03,0.13170909090909091
72,2020-07-31,0.13152727272727274
73,2020-07-30,0.13001818181818184
74,2020-07-29,0.12907272727272726
75,2020-07-28,0.1279090909090909
76,2020-07-27,0.12668181818181817
77,2020-07-24,0.12913636363636366
78,2020-07-23,0.12910909090909092
79,2020-07-22,0.12865454545454547
80,2020-07-21,0.12847272727272727
81,2020-07-20,0.12872727272727272
82,2020-07-17,0.12972727272727272
83,2020-07-16,0.12963636363636363
84,2020-07-15,0.12675454545454545
85,2020-07-14,0.1243
86,2020-07-13,0.1245909090909091
87,2020-07-10,0.12340909090909091
88,2020-07-09,0.1222909090909091
89,2020-07-08,0.12186363636363637
90,2020-07-07,0.12266363636363636
91,2020-07-06,0.12377272727272728
92,2020-07-02,0.12261818181818182
93,2020-07-01,0.12097272727272727
94,2020-06-30,0.12077272727272727
95,2020-06-29,0.12136363636363637
96,2020-06-26,0.12054545454545454
97,2020-06-25,0.12113636363636364
98,2020-06-24,0.12079999999999999
99,2020-06-23,0.12109090909090908
100,2020-06-22,0.11977272727272727
101,2020-06-19,0.12050000000000001
102,2020-06-18,0.12089090909090908
103,2020-06-17,0.12142727272727272
104,2020-06-16,0.12079999999999999
105,2020-06-15,0.11925454545454546
106,2020-06-12,0.11918181818181818
107,2020-06-11,0.12016363636363638
108,2020-06-10,0.12061818181818182
109,2020-06-09,0.12204545454545454
110,2020-06-08,0.12097272727272727
111,2020-06-05,0.12198181818181819
112,2020-06-04,0.12248181818181818
113,2020-06-03,0.12202727272727272
114,2020-06-02,0.1213
115,2020-06-01,0.12375454545454545
116,2020-05-29,0.12304545454545454
117,2020-05-28,0.12318181818181818
118,2020-05-27,0.12183636363636365
119,2020-05-26,0.1211818181818182
120,2020-05-22,0.1170909090909091
121,2020-05-21,0.11457272727272727
122,2020-05-20,0.11454545454545455
123,2020-05-19,0.11584545454545456
124,2020-05-18,0.11509090909090909
125,2020-05-15,0.11338181818181818
126,2020-05-14,0.11254545454545455
127,2020-05-13,0.1139090909090909
128,2020-05-12,0.11572727272727272
129,2020-05-11,0.11240909090909092
130,2020-05-08,0.11627272727272728
131,2020-05-07,0.11842727272727274
132,2020-05-06,0.11281818181818182
133,2020-05-05,0.10872727272727273
134,2020-05-04,0.10824545454545453
135,2020-05-01,0.1071090909090909
136,2020-04-30,0.10834545454545455
137,2020-04-29,0.10868181818181818
138,2020-04-28,0.10875454545454545
139,2020-04-27,0.10945454545454546
140,2020-04-24,0.1089090909090909
141,2020-04-23,0.10857272727272728
142,2020-04-22,0.1077
143,2020-04-21,0.10718181818181818
144,2020-04-20,0.10756363636363636
145,2020-04-17,0.10866363636363637
146,2020-04-16,0.1075
147,2020-04-15,0.10527272727272727
148,2020-04-14,0.10581818181818183
149,2020-04-13,0.10457272727272728
150,2020-04-10,0.10792727272727273
151,2020-04-09,0.10866363636363637
152,2020-04-08,0.10898181818181818
153,2020-04-07,0.10448181818181819
154,2020-04-06,0.1003909090909091
155,2020-04-03,0.0984090909090909
156,2020-04-02,0.10061818181818183
157,2020-04-01,0.10675454545454546
158,2020-03-31,0.11084545454545455
159,2020-03-30,0.10913636363636363
160,2020-03-27,0.10963636363636363
161,2020-03-26,0.11890909090909092
162,2020-03-25,0.12006363636363636
163,2020-03-24,0.11839090909090909
164,2020-03-23,0.11383636363636364
165,2020-03-20,0.10974545454545455
166,2020-03-19,0.10642727272727272
167,2020-03-18,0.10234545454545455
168,2020-03-17,0.10322727272727272
169,2020-03-16,0.09863636363636363
170,2020-03-13,0.10272727272727272
171,2020-03-12,0.10802727272727272
172,2020-03-11,0.11211818181818181
173,2020-03-10,0.11613636363636363
174,2020-03-09,0.11472727272727273
175,2020-03-06,0.11881818181818181
176,2020-03-05,0.12147272727272727
177,2020-03-04,0.12259090909090908
178,2020-03-03,0.12139090909090909
179,2020-03-02,0.12156363636363636
180,2020-02-28,0.11934545454545455
181,2020-02-27,0.12051818181818182
182,2020-02-26,0.12188181818181817
183,2020-02-25,0.12088181818181819
184,2020-02-24,0.12366363636363636
185,2020-02-21,0.12745454545454543
186,2020-02-20,0.128
187,2020-02-19,0.1279818181818182
188,2020-02-18,0.12663636363636366
189,2020-02-14,0.12593636363636362
190,2020-02-13,0.12392727272727272
191,2020-02-12,0.12277272727272728
192,2020-02-11,0.12243636363636365
193,2020-02-10,0.12336363636363636
194,2020-02-07,0.1229090909090909
195,2020-02-06,0.12354545454545456
196,2020-02-05,0.12334545454545455
197,2020-02-04,0.125
198,2020-02-03,0.12422727272727273
199,2020-01-31,0.12369999999999999
200,2020-01-30,0.12949999999999998
201,2020-01-29,0.12918181818181818
202,2020-01-28,0.12913636363636366
203,2020-01-27,0.129
204,2020-01-24,0.12895454545454546
205,2020-01-23,0.1298
206,2020-01-22,0.13084545454545454
207,2020-01-21,0.13188181818181818
208,2020-01-17,0.13213636363636364
209,2020-01-16,0.13220909090909091
210,2020-01-15,0.13220909090909091
211,2020-01-14,0.13263636363636364
212,2020-01-13,0.13275454545454546
213,2020-01-10,0.13418181818181818
214,2020-01-09,0.1335727272727273
215,2020-01-08,0.13347272727272727
216,2020-01-07,0.13263636363636364
217,2020-01-06,0.13402727272727274
218,2020-01-03,0.1303181818181818
219,2020-01-02,0.1315
220,2020-01-01,0.13227272727272726
221,2019-12-31,0.1321090909090909
222,2019-12-30,0.13220909090909091
223,2019-12-27,0.13231818181818183
224,2019-12-26,0.13222727272727272
225,2019-12-25,0.13025454545454546
226,2019-12-24,0.1305181818181818
227,2019-12-23,0.13048181818181817
228,2019-12-20,0.13116363636363637
229,2019-12-19,0.13156363636363635
230,2019-12-18,0.13140909090909092
231,2019-12-17,0.13195454545454546
232,2019-12-16,0.13204545454545455
233,2019-12-13,0.13243636363636363
234,2019-12-12,0.1295909090909091
235,2019-12-11,0.1298
236,2019-12-10,0.1287727272727273
237,2019-12-09,0.12866363636363637
238,2019-12-06,0.1286818181818182
239,2019-12-05,0.1277727272727273
240,2019-12-04,0.12807272727272725
241,2019-12-03,0.12943636363636363
242,2019-12-02,0.12922727272727275
243,2019-11-29,0.12934545454545454
244,2019-11-27,0.1302909090909091
245,2019-11-26,0.12874545454545455
246,2019-11-25,0.12906363636363635
247,2019-11-22,0.12661818181818182
248,2019-11-21,0.1323
249,2019-11-20,0.13327272727272726
250,2019-11-19,0.13327272727272726
251,2019-11-18,0.13307272727272726
252,2019-11-15,0.13295454545454546
253,2019-11-14,0.1332909090909091
254,2019-11-13,0.13233636363636364
255,2019-11-12,0.13436363636363638
256,2019-11-11,0.13415454545454544
257,2019-11-08,0.13363636363636364
258,2019-11-07,0.13343636363636363
259,2019-11-06,0.13345454545454546
260,2019-11-05,0.1344090909090909
261,2019-11-04,0.13551818181818182
262,2019-11-01,0.13556363636363636
263,2019-10-31,0.13268181818181818
264,2019-10-30,0.13275454545454546
265,2019-10-29,0.13220909090909091
266,2019-10-28,0.13218181818181818
267,2019-10-25,0.13245454545454544
268,2019-10-24,0.1320181818181818
269,2019-10-23,0.13184545454545454
270,2019-10-22,0.13063636363636363
271,2019-10-21,0.13039090909090909
272,2019-10-18,0.13045454545454546
273,2019-10-17,0.1310909090909091
274,2019-10-16,0.1320181818181818
275,2019-10-15,0.1318181818181818
276,2019-10-14,0.13231818181818183
277,2019-10-11,0.131
278,2019-10-10,0.1311818181818182
279,2019-10-09,0.13136363636363638
280,2019-10-08,0.12911818181818183
281,2019-10-07,0.1288181818181818
282,2019-10-04,0.12906363636363635
283,2019-10-03,0.1294090909090909
284,2019-10-02,0.12915454545454544
285,2019-10-01,0.12815454545454547
286,2019-09-30,0.12945454545454546
287,2019-09-27,0.13119999999999998
288,2019-09-26,0.12863636363636363
289,2019-09-25,0.12869999999999998
290,2019-09-24,0.12840909090909092
291,2019-09-23,0.12872727272727272
292,2019-09-20,0.12756363636363635
293,2019-09-19,0.12722727272727272
294,2019-09-18,0.12716363636363637
295,2019-09-17,0.12652727272727274
296,2019-09-16,0.12413636363636364
297,2019-09-13,0.12409090909090909
298,2019-09-12,0.1244090909090909
299,2019-09-11,0.12369999999999999
300,2019-09-10,0.12172727272727273
301,2019-09-09,0.12074545454545454
302,2019-09-06,0.12122727272727273
303,2019-09-05,0.12218181818181818
304,2019-09-04,0.12322727272727274
305,2019-09-03,0.12195454545454545
306,2019-08-30,0.12036363636363637
307,2019-08-29,0.12613636363636363
308,2019-08-28,0.12613636363636363
309,2019-08-27,0.12595454545454546
310,2019-08-26,0.12604545454545454
311,2019-08-23,0.12486363636363636
312,2019-08-22,0.12581818181818183
313,2019-08-21,0.12489090909090908
314,2019-08-20,0.12390909090909091
315,2019-08-19,0.12334545454545455
316,2019-08-16,0.12233636363636363
317,2019-08-15,0.12343636363636364
318,2019-08-14,0.12224545454545455
319,2019-08-13,0.11610909090909091
320,2019-08-12,0.12218181818181818
321,2019-08-09,0.1262727272727273
322,2019-08-08,0.12713636363636363
323,2019-08-07,0.12686363636363637
324,2019-08-06,0.12724545454545455
325,2019-08-05,0.12775454545454545
326,2019-08-02,0.12692727272727272
327,2019-08-01,0.12838181818181818
328,2019-07-31,0.12866363636363637
329,2019-07-30,0.1300909090909091
330,2019-07-29,0.12936363636363638
331,2019-07-26,0.13065454545454544
332,2019-07-25,0.12981818181818183
333,2019-07-24,0.12983636363636364
334,2019-07-23,0.12927272727272726
335,2019-07-22,0.12925454545454546
336,2019-07-19,0.12724545454545455
337,2019-07-18,0.12675454545454545
338,2019-07-17,0.1277909090909091
339,2019-07-16,0.12822727272727275
340,2019-07-15,0.1287727272727273
341,2019-07-12,0.12872727272727272
342,2019-07-11,0.12965454545454547
343,2019-07-10,0.1294090909090909
344,2019-07-09,0.12989090909090908
345,2019-07-08,0.1262727272727273
346,2019-07-05,0.1262
347,2019-07-03,0.12415454545454545
348,2019-07-02,0.1258
349,2019-07-01,0.12457272727272728
350,2019-06-28,0.1244090909090909
351,2019-06-27,0.12345454545454547
352,2019-06-26,0.12347272727272726
353,2019-06-25,0.11938181818181817
354,2019-06-24,0.1198
355,2019-06-21,0.12152727272727273
356,2019-06-20,0.12245454545454544
357,2019-06-19,0.12411818181818182
358,2019-06-18,0.12477272727272727
359,2019-06-17,0.1244818181818182
360,2019-06-14,0.12320909090909091
361,2019-06-13,0.12383636363636363
362,2019-06-12,0.12527272727272729
363,2019-06-11,0.12556363636363638
364,2019-06-10,0.1271090909090909
365,2019-06-07,0.12477272727272727
366,2019-06-06,0.12661818181818182
367,2019-06-05,0.12677272727272726
368,2019-06-04,0.12495454545454544
369,2019-06-03,0.12136363636363637
370,2019-05-31,0.12101818181818182
371,2019-05-30,0.12565454545454546
372,2019-05-29,0.12974545454545455
373,2019-05-28,0.1292909090909091
374,2019-05-24,0.1302
375,2019-05-23,0.12327272727272727
376,2019-05-22,0.12313636363636363
377,2019-05-21,0.12216363636363636
378,2019-05-20,0.12195454545454545
379,2019-05-17,0.1223
380,2019-05-16,0.12201818181818182
381,2019-05-15,0.12357272727272728
382,2019-05-14,0.12363636363636364
383,2019-05-13,0.12277272727272728
384,2019-05-10,0.12510909090909092
385,2019-05-09,0.12386363636363637
386,2019-05-08,0.12343636363636364
387,2019-05-07,0.12481818181818183
388,2019-05-06,0.12366363636363636
389,2019-05-03,0.12468181818181819
390,2019-05-02,0.12633636363636364
391,2019-05-01,0.1285272727272727
392,2019-04-30,0.12872727272727272
393,2019-04-29,0.13036363636363638
394,2019-04-26,0.13086363636363635
395,2019-04-25,0.1305
396,2019-04-24,0.13320909090909092
397,2019-04-23,0.13601818181818182
398,2019-04-22,0.1370909090909091
399,2019-04-19,0.13786363636363638
400,2019-04-18,0.13775454545454546
401,2019-04-17,0.1321090909090909
402,2019-04-16,0.13243636363636363
403,2019-04-15,0.13243636363636363
404,2019-04-12,0.13220909090909091
405,2019-04-11,0.13220909090909091
406,2019-04-10,0.1319818181818182
407,2019-04-09,0.13286363636363638
408,2019-04-08,0.13338181818181818
409,2019-04-05,0.13286363636363638
410,2019-04-04,0.1330181818181818
411,2019-04-03,0.1315909090909091
412,2019-04-02,0.13168181818181818
413,2019-04-01,0.13222727272727272
414,2019-03-29,0.13204545454545455
415,2019-03-28,0.12906363636363635
416,2019-03-27,0.1292
417,2019-03-26,0.12977272727272726
418,2019-03-25,0.12925454545454546
419,2019-03-22,0.13
420,2019-03-21,0.1298
421,2019-03-20,0.1293181818181818
422,2019-03-19,0.1293181818181818
423,2019-03-18,0.1287727272727273
424,2019-03-15,0.12847272727272727
425,2019-03-14,0.12827272727272726
426,2019-03-13,0.1286818181818182
427,2019-03-12,0.12845454545454546
428,2019-03-11,0.12936363636363638
429,2019-03-08,0.13084545454545454
430,2019-03-07,0.12990909090909092
431,2019-03-06,0.12786363636363637
432,2019-03-05,0.12807272727272725
433,2019-03-04,0.12836363636363635
434,2019-03-01,0.12838181818181818
435,2019-02-28,0.12989090909090908
436,2019-02-27,0.1308
437,2019-02-26,0.1304090909090909
438,2019-02-25,0.12954545454545455
439,2019-02-22,0.12990909090909092
440,2019-02-21,0.1302
441,2019-02-20,0.1308
442,2019-02-19,0.13068181818181818
443,2019-02-15,0.12963636363636363
444,2019-02-14,0.13097272727272727
445,2019-02-13,0.13048181818181817
446,2019-02-12,0.1312727272727273
447,2019-02-11,0.13152727272727274
448,2019-02-08,0.131
449,2019-02-07,0.13022727272727272
450,2019-02-06,0.13016363636363637
451,2019-02-05,0.13074545454545453
452,2019-02-04,0.1311090909090909
453,2019-02-01,0.12957272727272728
454,2019-01-31,0.12918181818181818
455,2019-01-30,0.12943636363636363
456,2019-01-29,0.12968181818181818
457,2019-01-28,0.13042727272727273
458,2019-01-25,0.13034545454545454
459,2019-01-24,0.1307090909090909
460,2019-01-23,0.13002727272727274
461,2019-01-22,0.12822727272727275
462,2019-01-18,0.1285909090909091
463,2019-01-17,0.12857272727272728
464,2019-01-16,0.1307090909090909
465,2019-01-15,0.1315909090909091
466,2019-01-14,0.13168181818181818
467,2019-01-11,0.13283636363636364
468,2019-01-10,0.13340909090909092
469,2019-01-09,0.13347272727272727
470,2019-01-08,0.1342
471,2019-01-07,0.13272727272727272
472,2019-01-04,0.13172727272727272
473,2019-01-03,0.13320909090909092
474,2019-01-02,0.13449999999999998
475,2018-12-31,0.1353181818181818
476,2018-12-28,0.13551818181818182
477,2018-12-27,0.13545454545454547
478,2018-12-26,0.13463636363636364
479,2018-12-24,0.13398181818181817
480,2018-12-21,0.13395454545454544
481,2018-12-20,0.13402727272727274
482,2018-12-19,0.1329090909090909
483,2018-12-18,0.1329090909090909
484,2018-12-17,0.13216363636363637
485,2018-12-14,0.13415454545454544
486,2018-12-13,0.13451818181818181
487,2018-12-12,0.13415454545454544
488,2018-12-11,0.13390909090909092
489,2018-12-10,0.13184545454545454
490,2018-12-07,0.13125454545454546
491,2018-12-06,0.1310909090909091
492,2018-12-05,0.13224545454545455
493,2018-12-04,0.1312727272727273
494,2018-12-03,0.13136363636363638
495,2018-11-30,0.1320181818181818
496,2018-11-29,0.1327
497,2018-11-28,0.13427272727272727
498,2018-11-27,0.13493636363636363
499,2018-11-26,0.1355909090909091
500,2018-11-23,0.1358
501,2018-11-21,0.1351090909090909
502,2018-11-20,0.13352727272727272
503,2018-11-19,0.1338909090909091
504,2018-11-16,0.13320909090909092
505,2018-11-15,0.1351090909090909
506,2018-11-14,0.13542727272727273
507,2018-11-13,0.13542727272727273
508,2018-11-12,0.1348909090909091
509,2018-11-09,0.13545454545454547
510,2018-11-08,0.13652727272727275
511,2018-11-07,0.1363
512,2018-11-06,0.13633636363636364
513,2018-11-05,0.1359090909090909
514,2018-11-02,0.13863636363636364
515,2018-11-01,0.13936363636363638
516,2018-10-31,0.13951818181818182
517,2018-10-30,0.13834545454545455
518,2018-10-29,0.13990909090909093
519,2018-10-26,0.14072727272727273
520,2018-10-25,0.13997272727272728
521,2018-10-24,0.14056363636363636
522,2018-10-23,0.14097272727272728
523,2018-10-22,0.14150000000000001
524,2018-10-19,0.1405909090909091
525,2018-10-18,0.14113636363636364
526,2018-10-17,0.14006363636363636
527,2018-10-16,0.14002727272727272
528,2018-10-15,0.141
529,2018-10-12,0.14063636363636361
530,2018-10-11,0.14247272727272728
531,2018-10-10,0.14172727272727273
532,2018-10-09,0.14268181818181816
533,2018-10-08,0.14334545454545455
534,2018-10-05,0.14343636363636364
535,2018-10-04,0.1427
536,2018-10-03,0.14352727272727273
537,2018-10-02,0.1446090909090909
538,2018-10-01,0.14422727272727273
539,2018-09-28,0.1438
540,2018-09-27,0.14300000000000002
541,2018-09-26,0.14277272727272727
542,2018-09-25,0.1423818181818182
543,2018-09-24,0.14222727272727273
544,2018-09-21,0.14268181818181816
545,2018-09-20,0.14152727272727272
546,2018-09-19,0.1413909090909091
547,2018-09-18,0.14165454545454545
548,2018-09-17,0.14301818181818182
549,2018-09-14,0.1431181818181818
550,2018-09-13,0.14086363636363636
551,2018-09-12,0.14056363636363636
552,2018-09-11,0.1382909090909091
553,2018-09-10,0.13866363636363638
554,2018-09-07,0.13906363636363636
555,2018-09-06,0.13798181818181818
556,2018-09-05,0.13792727272727273
557,2018-09-04,0.13792727272727273
558,2018-08-31,0.13586363636363635
559,2018-08-30,0.1358818181818182
560,2018-08-29,0.13574545454545453
561,2018-08-28,0.13577272727272727
562,2018-08-27,0.13656363636363636
563,2018-08-24,0.13563636363636364
564,2018-08-23,0.13548181818181818
565,2018-08-22,0.13518181818181818
566,2018-08-21,0.13561818181818183
567,2018-08-20,0.13601818181818182
568,2018-08-17,0.13722727272727273
569,2018-08-16,0.13661818181818183
570,2018-08-15,0.1355
571,2018-08-14,0.1353909090909091
572,2018-08-13,0.13513636363636364
573,2018-08-10,0.13627272727272727
574,2018-08-09,0.13577272727272727
575,2018-08-08,0.13695454545454547
576,2018-08-07,0.13622727272727272
577,2018-08-06,0.13804545454545453
578,2018-08-03,0.13895454545454544
579,2018-08-02,0.13745454545454544
580,2018-08-01,0.13801818181818182
581,2018-07-31,0.13574545454545453
582,2018-07-30,0.13772727272727273
583,2018-07-27,0.13845454545454547
584,2018-07-26,0.13766363636363638
585,2018-07-25,0.13892727272727273
586,2018-07-24,0.13886363636363636
587,2018-07-23,0.1393181818181818
588,2018-07-20,0.13970909090909092
589,2018-07-19,0.1404090909090909
590,2018-07-18,0.1404090909090909
591,2018-07-17,0.13752727272727272
592,2018-07-16,0.13852727272727272
593,2018-07-13,0.13701818181818182
594,2018-07-12,0.1373
595,2018-07-11,0.1358181818181818
596,2018-07-10,0.13804545454545453
597,2018-07-09,0.13768181818181818
598,2018-07-06,0.13836363636363636
599,2018-07-05,0.1387
600,2018-07-03,0.13890909090909093
601,2018-07-02,0.13811818181818183
602,2018-06-29,0.13756363636363636
603,2018-06-28,0.13347272727272727
604,2018-06-27,0.13252727272727272
605,2018-06-26,0.1328181818181818
606,2018-06-25,0.13252727272727272
607,2018-06-22,0.13563636363636364
608,2018-06-21,0.13497272727272727
609,2018-06-20,0.13584545454545455
610,2018-06-19,0.13601818181818182
611,2018-06-18,0.13542727272727273
612,2018-06-15,0.13451818181818181
613,2018-06-14,0.13061818181818183
614,2018-06-13,0.13240909090909092
615,2018-06-12,0.13254545454545455
616,2018-06-11,0.13268181818181818
617,2018-06-08,0.1338909090909091
618,2018-06-07,0.1327909090909091
619,2018-06-06,0.13340909090909092
620,2018-06-05,0.13283636363636364
621,2018-06-04,0.13168181818181818
622,2018-06-01,0.1330181818181818
623,2018-05-31,0.134
624,2018-05-30,0.13504545454545455
625,2018-05-29,0.1317909090909091
626,2018-05-25,0.13175454545454546
627,2018-05-24,0.124
628,2018-05-23,0.12263636363636364
629,2018-05-22,0.12177272727272727
630,2018-05-21,0.12175454545454546
631,2018-05-18,0.1202
632,2018-05-17,0.121
633,2018-05-16,0.12065454545454546
634,2018-05-15,0.12140909090909092
635,2018-05-14,0.1230909090909091
636,2018-05-11,0.12584545454545454
637,2018-05-10,0.126
638,2018-05-09,0.12468181818181819
639,2018-05-08,0.1252
640,2018-05-07,0.12510909090909092
641,2018-05-04,0.12763636363636363
642,2018-05-03,0.128
643,2018-05-02,0.12601818181818183
644,2018-05-01,0.12536363636363637
645,2018-04-30,0.12743636363636365
646,2018-04-27,0.12911818181818183
647,2018-04-26,0.12743636363636365
648,2018-04-25,0.12713636363636363
649,2018-04-24,0.12645454545454546
650,2018-04-23,0.12639090909090908
651,2018-04-20,0.12481818181818183
652,2018-04-19,0.12474545454545455
653,2018-04-18,0.12613636363636363
654,2018-04-17,0.12610909090909092
655,2018-04-16,0.12656363636363635
656,2018-04-13,0.1267090909090909
657,2018-04-12,0.12625454545454545
658,2018-04-11,0.12298181818181818
659,2018-04-10,0.12256363636363636
660,2018-04-09,0.12222727272727271
661,2018-04-06,0.12301818181818182
662,2018-04-05,0.12497272727272728
663,2018-04-04,0.12227272727272727
664,2018-04-03,0.11866363636363636
665,2018-04-02,0.11989090909090909
666,2018-03-29,0.12327272727272727
667,2018-03-28,0.1236090909090909
668,2018-03-27,0.12311818181818182
669,2018-03-26,0.12266363636363636
670,2018-03-23,0.12336363636363636
671,2018-03-22,0.12502727272727274
672,2018-03-21,0.12434545454545455
673,2018-03-20,0.12525454545454545
674,2018-03-19,0.12586363636363634
675,2018-03-16,0.12724545454545455
676,2018-03-15,0.12783636363636364
677,2018-03-14,0.12913636363636366
678,2018-03-13,0.1286818181818182
679,2018-03-12,0.12925454545454546
680,2018-03-09,0.12957272727272728
681,2018-03-08,0.12886363636363637
682,2018-03-07,0.1307090909090909
683,2018-03-06,0.1311818181818182
684,2018-03-05,0.13195454545454546
685,2018-03-02,0.13061818181818183
686,2018-03-01,0.13186363636363638
687,2018-02-28,0.1315909090909091
688,2018-02-27,0.13322727272727275
689,2018-02-26,0.13231818181818183
690,2018-02-23,0.13272727272727272
691,2018-02-22,0.13272727272727272
692,2018-02-21,0.13331818181818184
693,2018-02-20,0.13618181818181818
694,2018-02-16,0.1361090909090909
695,2018-02-15,0.1362
696,2018-02-14,0.13470909090909092
697,2018-02-13,0.1338909090909091
698,2018-02-12,0.13425454545454546
699,2018-02-09,0.1329090909090909
700,2018-02-08,0.13386363636363635
701,2018-02-07,0.13481818181818184
702,2018-02-06,0.1352
703,2018-02-05,0.1360727272727273
704,2018-02-02,0.13720909090909092
705,2018-02-01,0.13595454545454547
706,2018-01-31,0.13186363636363638
707,2018-01-30,0.1338
708,2018-01-29,0.13363636363636364
709,2018-01-26,0.13338181818181818
710,2018-01-25,0.1344090909090909
711,2018-01-24,0.13468181818181818
712,2018-01-23,0.1351090909090909
713,2018-01-22,0.13445454545454547
714,2018-01-19,0.13449999999999998
715,2018-01-18,0.13561818181818183
716,2018-01-17,0.13443636363636363
717,2018-01-16,0.13236363636363635
718,2018-01-12,0.13122727272727272
719,2018-01-11,0.13074545454545453
720,2018-01-10,0.13125454545454546
721,2018-01-09,0.13224545454545455
722,2018-01-08,0.13313636363636364
723,2018-01-05,0.1332909090909091
724,2018-01-04,0.13548181818181818
725,2018-01-03,0.1358
726,2018-01-02,0.13593636363636363
727,2017-12-29,0.13272727272727272
728,2017-12-28,0.13236363636363635
729,2017-12-27,0.1319818181818182
730,2017-12-26,0.1312727272727273
731,2017-12-22,0.1286818181818182
732,2017-12-21,0.12993636363636366
733,2017-12-20,0.12889090909090908
734,2017-12-19,0.13199999999999998
735,2017-12-18,0.13422727272727272
736,2017-12-15,0.1343181818181818
737,2017-12-14,0.13295454545454546
738,2017-12-13,0.13240909090909092
739,2017-12-12,0.13372727272727272
740,2017-12-11,0.13222727272727272
741,2017-12-08,0.1320181818181818
742,2017-12-07,0.1330181818181818
743,2017-12-06,0.13275454545454546
744,2017-12-05,0.13438181818181819
745,2017-12-04,0.1363181818181818
746,2017-12-01,0.13665454545454545
747,2017-11-30,0.14016363636363638
748,2017-11-29,0.14142727272727273
749,2017-11-28,0.14045454545454544
750,2017-11-27,0.1404090909090909
751,2017-11-24,0.13936363636363638
752,2017-11-22,0.13883636363636365
753,2017-11-21,0.13783636363636365
754,2017-11-20,0.13595454545454547
755,2017-11-17,0.13792727272727273
756,2017-11-16,0.14343636363636364
757,2017-11-15,0.14363636363636365
758,2017-11-14,0.1432909090909091
759,2017-11-13,0.14427272727272727
760,2017-11-10,0.14406363636363637
761,2017-11-09,0.14406363636363637
762,2017-11-08,0.14301818181818182
763,2017-11-07,0.14534545454545453
764,2017-11-06,0.1455909090909091
765,2017-11-03,0.14625454545454544
766,2017-11-02,0.14357272727272727
767,2017-11-01,0.14518181818181816
768,2017-10-31,0.14493636363636364
769,2017-10-30,0.1439272727272727
770,2017-10-27,0.14224545454545454
771,2017-10-26,0.1413
772,2017-10-25,0.14077272727272727
773,2017-10-24,0.14101818181818182
774,2017-10-23,0.13965454545454545
775,2017-10-20,0.13965454545454545
776,2017-10-19,0.13922727272727273
777,2017-10-18,0.13866363636363638
778,2017-10-17,0.1383181818181818
779,2017-10-16,0.14
780,2017-10-13,0.14004545454545456
781,2017-10-12,0.1395909090909091
782,2017-10-11,0.14013636363636364
783,2017-10-10,0.14006363636363636
784,2017-10-09,0.1398
785,2017-10-06,0.13995454545454544
786,2017-10-05,0.1396090909090909
787,2017-10-04,0.13827272727272727
788,2017-10-03,0.1385727272727273
789,2017-10-02,0.13668181818181818
790,2017-09-29,0.1383818181818182
791,2017-09-28,0.1388909090909091
792,2017-09-27,0.13854545454545455
793,2017-09-26,0.1368818181818182
794,2017-09-25,0.1367909090909091
795,2017-09-22,0.13945454545454547
796,2017-09-21,0.13925454545454546
797,2017-09-20,0.13997272727272728
798,2017-09-19,0.13779090909090908
799,2017-09-18,0.1370909090909091
800,2017-09-15,0.13656363636363636
801,2017-09-14,0.1352727272727273
802,2017-09-13,0.1350909090909091
803,2017-09-12,0.13451818181818181
804,2017-09-11,0.13495454545454544
805,2017-09-08,0.13443636363636363
806,2017-09-07,0.13231818181818183
807,2017-09-06,0.1302727272727273
808,2017-09-05,0.12913636363636366
809,2017-09-01,0.12974545454545455
810,2017-08-31,0.12974545454545455
811,2017-08-30,0.12990909090909092
812,2017-08-29,0.12963636363636363
813,2017-08-28,0.1294818181818182
814,2017-08-25,0.1285272727272727
815,2017-08-24,0.12872727272727272
816,2017-08-23,0.12874545454545455
817,2017-08-22,0.12915454545454544
818,2017-08-21,0.1270909090909091
819,2017-08-18,0.12772727272727272
820,2017-08-17,0.1277
821,2017-08-16,0.1293181818181818
822,2017-08-15,0.13213636363636364
823,2017-08-14,0.12936363636363638
824,2017-08-11,0.12889090909090908
825,2017-08-10,0.12834545454545454
826,2017-08-09,0.12866363636363637
827,2017-08-08,0.13275454545454546
828,2017-08-07,0.13295454545454546
829,2017-08-04,0.1363181818181818
830,2017-08-03,0.13695454545454547
831,2017-08-02,0.1365909090909091
832,2017-08-01,0.13561818181818183
833,2017-07-31,0.1328909090909091
834,2017-07-28,0.1327727272727273
835,2017-07-27,0.13438181818181819
836,2017-07-26,0.13315454545454544
837,2017-07-25,0.13320909090909092
838,2017-07-24,0.13495454545454544
839,2017-07-21,0.13904545454545453
840,2017-07-20,0.13843636363636364
841,2017-07-19,0.14045454545454544
842,2017-07-18,0.1378181818181818
843,2017-07-17,0.1403909090909091
844,2017-07-14,0.14025454545454547
845,2017-07-13,0.1391181818181818
846,2017-07-12,0.13795454545454544
847,2017-07-11,0.13386363636363635
848,2017-07-10,0.13152727272727274
849,2017-07-07,0.13184545454545454
850,2017-07-06,0.13147272727272727
851,2017-07-05,0.1292909090909091
852,2017-07-03,0.1328181818181818
853,2017-06-30,0.13448181818181817
854,2017-06-29,0.1338
855,2017-06-28,0.1330909090909091
856,2017-06-27,0.13170909090909091
857,2017-06-26,0.13586363636363635
858,2017-06-23,0.13177272727272726
859,2017-06-22,0.1304090909090909
860,2017-06-21,0.1315
861,2017-06-20,0.13084545454545454
862,2017-06-19,0.1318181818181818
863,2017-06-16,0.13443636363636363
864,2017-06-15,0.13369999999999999
865,2017-06-14,0.13283636363636364
866,2017-06-13,0.1363181818181818
867,2017-06-12,0.1377727272727273
868,2017-06-09,0.14016363636363638
869,2017-06-08,0.13995454545454544
870,2017-06-07,0.14072727272727273
871,2017-06-06,0.14125454545454544
872,2017-06-05,0.14534545454545453
873,2017-06-02,0.14429090909090908
874,2017-06-01,0.14279090909090908
875,2017-05-31,0.1387
876,2017-05-30,0.1363
877,2017-05-26,0.1335909090909091
878,2017-05-25,0.13048181818181817
879,2017-05-24,0.13090909090909092
880,2017-05-23,0.13113636363636363
881,2017-05-22,0.13113636363636363
882,2017-05-19,0.1303181818181818
883,2017-05-18,0.12934545454545454
884,2017-05-17,0.12906363636363635
885,2017-05-16,0.12813636363636363
886,2017-05-15,0.12957272727272728
887,2017-05-12,0.13140909090909092
888,2017-05-11,0.12943636363636363
889,2017-05-10,0.13136363636363638
890,2017-05-09,0.13139090909090909
891,2017-05-08,0.13481818181818184
892,2017-05-05,0.1307090909090909
893,2017-05-04,0.1348
894,2017-05-03,0.13936363636363638
895,2017-05-02,0.13601818181818182
896,2017-05-01,0.1350909090909091
897,2017-04-28,0.13595454545454547
898,2017-04-27,0.12804545454545455
899,2017-04-26,0.12713636363636363
900,2017-04-25,0.12610909090909092
901,2017-04-24,0.12568181818181817
902,2017-04-21,0.12595454545454546
903,2017-04-20,0.12536363636363637
904,2017-04-19,0.12607272727272728
905,2017-04-18,0.12607272727272728
906,2017-04-17,0.12640909090909092
907,2017-04-13,0.12527272727272729
908,2017-04-12,0.125
909,2017-04-11,0.12470909090909092
910,2017-04-10,0.12300000000000001
911,2017-04-07,0.1215909090909091
912,2017-04-06,0.11995454545454544
913,2017-04-05,0.11866363636363636
914,2017-04-04,0.11911818181818182
915,2017-04-03,0.12097272727272727
916,2017-03-31,0.12177272727272727
917,2017-03-30,0.12061818181818182
918,2017-03-29,0.1211818181818182
919,2017-03-28,0.12031818181818181
920,2017-03-27,0.12013636363636364
921,2017-03-24,0.12125454545454545
922,2017-03-23,0.12154545454545454
923,2017-03-22,0.12181818181818181
924,2017-03-21,0.12
925,2017-03-20,0.11951818181818182
926,2017-03-17,0.11938181818181817
927,2017-03-16,0.1186818181818182
928,2017-03-15,0.11747272727272727
929,2017-03-14,0.11622727272727272
930,2017-03-13,0.11690909090909091
931,2017-03-10,0.11588181818181818
932,2017-03-09,0.11468181818181819
933,2017-03-08,0.11307272727272727
934,2017-03-07,0.11268181818181819
935,2017-03-06,0.1128
936,2017-03-03,0.11292727272727272
937,2017-03-02,0.11222727272727273
938,2017-03-01,0.11318181818181818
939,2017-02-28,0.11370909090909091
940,2017-02-27,0.11259090909090909
941,2017-02-24,0.11063636363636364
942,2017-02-23,0.11377272727272728
943,2017-02-22,0.11372727272727272
944,2017-02-21,0.11322727272727272
945,2017-02-17,0.1128
946,2017-02-16,0.11257272727272727
947,2017-02-15,0.11298181818181818
948,2017-02-14,0.11272727272727273
949,2017-02-13,0.11075454545454545
950,2017-02-10,0.11098181818181818
951,2017-02-09,0.11238181818181818
952,2017-02-08,0.11118181818181817
953,2017-02-07,0.11292727272727272
954,2017-02-06,0.1123
955,2017-02-03,0.11234545454545454
956,2017-02-02,0.1125
957,2017-02-01,0.11098181818181818
958,2017-01-31,0.11161818181818182
959,2017-01-30,0.11263636363636365
960,2017-01-27,0.11586363636363636
961,2017-01-26,0.11983636363636363
962,2017-01-25,0.12034545454545455
963,2017-01-24,0.1203909090909091
964,2017-01-23,0.1207090909090909
965,2017-01-20,0.121
966,2017-01-19,0.11995454545454544
967,2017-01-18,0.1190909090909091
968,2017-01-17,0.11902727272727273
969,2017-01-13,0.11859090909090908
970,2017-01-12,0.11847272727272727
971,2017-01-11,0.12004545454545455
972,2017-01-10,0.12063636363636362
973,2017-01-09,0.11752727272727273
974,2017-01-06,0.11665454545454546
975,2017-01-05,0.11659090909090909
976,2017-01-04,0.11681818181818182
977,2017-01-03,0.11836363636363635
978,2016-12-30,0.11859090909090908
979,2016-12-29,0.11993636363636365
980,2016-12-28,0.11974545454545454
981,2016-12-27,0.11813636363636362
982,2016-12-23,0.11883636363636363
983,2016-12-22,0.1192
984,2016-12-21,0.11838181818181819
985,2016-12-20,0.11818181818181818
986,2016-12-19,0.11898181818181817
987,2016-12-16,0.1180909090909091
988,2016-12-15,0.11609090909090909
989,2016-12-14,0.11609090909090909
990,2016-12-13,0.11724545454545454
991,2016-12-12,0.11686363636363638
992,2016-12-09,0.1145
993,2016-12-08,0.11509090909090909
994,2016-12-07,0.11542727272727273
995,2016-12-06,0.11531818181818182
996,2016-12-05,0.11302727272727273
997,2016-12-02,0.11327272727272726
998,2016-12-01,0.11616363636363636
999,2016-11-30,0.11675454545454546
1000,2016-11-29,0.11542727272727273
1001,2016-11-28,0.11527272727272728
1002,2016-11-25,0.11565454545454545
1003,2016-11-23,0.11354545454545455
1004,2016-11-22,0.11277272727272727
1005,2016-11-21,0.11288181818181818
1006,2016-11-18,0.11360909090909091
1007,2016-11-17,0.11542727272727273
1008,2016-11-16,0.11542727272727273
1009,2016-11-15,0.11509090909090909
1010,2016-11-14,0.11457272727272727
1011,2016-11-11,0.1142909090909091
1012,2016-11-10,0.11381818181818182
1013,2016-11-09,0.11322727272727272
1014,2016-11-08,0.11309090909090909
1015,2016-11-07,0.1128
1016,2016-11-04,0.11420000000000001
1017,2016-11-03,0.1144090909090909
1018,2016-11-02,0.11507272727272727
1019,2016-11-01,0.1147
1020,2016-10-31,0.11077272727272727
1021,2016-10-28,0.1105
1022,2016-10-27,0.11083636363636364
1023,2016-10-26,0.11088181818181818
1024,2016-10-25,0.1105
1025,2016-10-24,0.11125454545454545
1026,2016-10-21,0.1108
1027,2016-10-20,0.11068181818181819
1028,2016-10-19,0.10820909090909091
1029,2016-10-18,0.11093636363636364
1030,2016-10-17,0.11063636363636364
1031,2016-10-14,0.10943636363636364
1032,2016-10-13,0.1085909090909091
1033,2016-10-12,0.11090909090909092
1034,2016-10-11,0.11283636363636364
1035,2016-10-10,0.11331818181818182
1036,2016-10-07,0.11601818181818183
1037,2016-10-06,0.1162090909090909
1038,2016-10-05,0.11586363636363636
1039,2016-10-04,0.11636363636363636
1040,2016-10-03,0.1127
1041,2016-09-30,0.11195454545454546
1042,2016-09-29,0.12201818181818182
1043,2016-09-28,0.12289090909090909
1044,2016-09-27,0.12256363636363636
1045,2016-09-26,0.1236818181818182
1046,2016-09-23,0.12438181818181818
1047,2016-09-22,0.12454545454545454
1048,2016-09-21,0.12395454545454546
1049,2016-09-20,0.12301818181818182
1050,2016-09-19,0.12313636363636363
1051,2016-09-16,0.12318181818181818
1052,2016-09-15,0.12179090909090909
1053,2016-09-14,0.12061818181818182
1054,2016-09-13,0.12125454545454545
1055,2016-09-12,0.12266363636363636
1056,2016-09-09,0.12201818181818182
1057,2016-09-08,0.11963636363636364
1058,2016-09-07,0.12104545454545455
1059,2016-09-06,0.11863636363636364
1060,2016-09-02,0.12261818181818182
1061,2016-09-01,0.12481818181818183
1062,2016-08-31,0.12775454545454545
1063,2016-08-30,0.12957272727272728
1064,2016-08-29,0.1265
1065,2016-08-26,0.1272090909090909
1066,2016-08-25,0.13338181818181818
1067,2016-08-24,0.13331818181818184
1068,2016-08-23,0.13313636363636364
1069,2016-08-22,0.13366363636363637
1070,2016-08-19,0.1327909090909091
1071,2016-08-18,0.13184545454545454
1072,2016-08-17,0.13338181818181818
1073,2016-08-16,0.13374545454545456
1074,2016-08-15,0.13513636363636364
1075,2016-08-12,0.13551818181818182
1076,2016-08-11,0.1352
1077,2016-08-10,0.1361090909090909
1078,2016-08-09,0.13652727272727275
1079,2016-08-08,0.13556363636363636
1080,2016-08-05,0.13604545454545455
1081,2016-08-04,0.13415454545454544
1082,2016-08-03,0.13406363636363636
1083,2016-08-02,0.13224545454545455
1084,2016-08-01,0.13140909090909092
1085,2016-07-29,0.12731818181818183
1086,2016-07-28,0.1277
1087,2016-07-27,0.12934545454545454
1088,2016-07-26,0.12949999999999998
1089,2016-07-25,0.1288181818181818
1090,2016-07-22,0.12472727272727271
1091,2016-07-21,0.12218181818181818
1092,2016-07-20,0.12601818181818183
1093,2016-07-19,0.12718181818181817
1094,2016-07-18,0.12834545454545454
1095,2016-07-15,0.12688181818181818
1096,2016-07-14,0.1288181818181818
1097,2016-07-13,0.12661818181818182
1098,2016-07-12,0.126
1099,2016-07-11,0.12677272727272726
1100,2016-07-08,0.1304090909090909
1101,2016-07-07,0.13056363636363635
1102,2016-07-06,0.13142727272727273
1103,2016-07-05,0.13097272727272727
1104,2016-07-01,0.12949999999999998
1105,2016-06-30,0.1311818181818182
1106,2016-06-29,0.13004545454545455
1107,2016-06-28,0.1278909090909091
1108,2016-06-27,0.12743636363636365
1109,2016-06-24,0.12677272727272726
1110,2016-06-23,0.12943636363636363
1111,2016-06-22,0.12743636363636365
1112,2016-06-21,0.12661818181818182
1113,2016-06-20,0.12425454545454546
1114,2016-06-17,0.12493636363636364
1115,2016-06-16,0.12692727272727272
1116,2016-06-15,0.1275
1117,2016-06-14,0.12922727272727275
1118,2016-06-13,0.12822727272727275
1119,2016-06-10,0.13231818181818183
1120,2016-06-09,0.13390909090909092
1121,2016-06-08,0.13398181818181817
1122,2016-06-07,0.13222727272727272
1123,2016-06-06,0.1323
1124,2016-06-03,0.13334545454545454
1125,2016-06-02,0.1330909090909091
1126,2016-06-01,0.13311818181818183
1127,2016-05-31,0.13372727272727272
1128,2016-05-27,0.13336363636363635
1129,2016-05-26,0.13263636363636364
1130,2016-05-25,0.13224545454545455
1131,2016-05-24,0.13272727272727272
1132,2016-05-23,0.13363636363636364
1133,2016-05-20,0.1351090909090909
1134,2016-05-19,0.1348
1135,2016-05-18,0.1359090909090909
1136,2016-05-17,0.13593636363636363
1137,2016-05-16,0.13513636363636364
1138,2016-05-13,0.13368181818181818
1139,2016-05-12,0.13438181818181819
1140,2016-05-11,0.13545454545454547
1141,2016-05-10,0.13654545454545453
1142,2016-05-09,0.1370909090909091
1143,2016-05-06,0.13398181818181817
1144,2016-05-05,0.13449999999999998
1145,2016-05-04,0.13175454545454546
1146,2016-05-03,0.13036363636363638
1147,2016-05-02,0.12857272727272728
1148,2016-04-28,0.1323
1149,2016-04-27,0.133
1150,2016-04-26,0.13324545454545453
1151,2016-04-25,0.13275454545454546
1152,2016-04-22,0.13449999999999998
1153,2016-04-21,0.13586363636363635
1154,2016-04-20,0.1358181818181818
1155,2016-04-19,0.13652727272727275
1156,2016-04-18,0.1368818181818182
1157,2016-04-15,0.14097272727272728
1158,2016-04-14,0.14084545454545455
1159,2016-04-13,0.14072727272727273
1160,2016-04-12,0.14116363636363635
1161,2016-04-11,0.14140909090909093
1162,2016-04-08,0.14172727272727273
1163,2016-04-07,0.14013636363636364
1164,2016-04-06,0.13925454545454546
1165,2016-04-05,0.13874545454545456
1166,2016-04-04,0.14243636363636364
1167,2016-04-01,0.142
1168,2016-03-31,0.14279090909090908
1169,2016-03-30,0.1387
1170,2016-03-29,0.14188181818181816
1171,2016-03-28,0.14142727272727273
1172,2016-03-24,0.14633636363636363
1173,2016-03-23,0.14672727272727273
1174,2016-03-22,0.14686363636363636
1175,2016-03-21,0.14761818181818182
1176,2016-03-18,0.14838181818181817
1177,2016-03-17,0.14883636363636363
1178,2016-03-16,0.1495
1179,2016-03-15,0.14906363636363637
1180,2016-03-14,0.14731818181818182
1181,2016-03-11,0.14763636363636365
1182,2016-03-10,0.14686363636363636
1183,2016-03-09,0.1445909090909091
1184,2016-03-08,0.14451818181818182
1185,2016-03-07,0.14359090909090907
1186,2016-03-04,0.1440909090909091
1187,2016-03-03,0.14327272727272727
1188,2016-03-02,0.14390909090909093
1189,2016-03-01,0.1436818181818182
1190,2016-02-29,0.14377272727272727
1191,2016-02-26,0.14422727272727273
1192,2016-02-25,0.14463636363636362
1193,2016-02-24,0.14359090909090907
1194,2016-02-23,0.14275454545454547
1195,2016-02-22,0.14107272727272727
1196,2016-02-19,0.1417090909090909
1197,2016-02-18,0.14224545454545454
1198,2016-02-17,0.14181818181818182
1199,2016-02-16,0.14045454545454544
1200,2016-02-12,0.1363909090909091
1201,2016-02-11,0.1365909090909091
1202,2016-02-10,0.13747272727272727
1203,2016-02-09,0.13545454545454547
1204,2016-02-08,0.13574545454545453
1205,2016-02-05,0.13983636363636362
1206,2016-02-04,0.1423
1207,2016-02-03,0.14359090909090907
1208,2016-02-02,0.1435
1209,2016-02-01,0.14343636363636364
1210,2016-01-29,0.14295454545454545
1211,2016-01-28,0.14663636363636365
1212,2016-01-27,0.1463
1213,2016-01-26,0.14645454545454545
1214,2016-01-25,0.14565454545454545
1215,2016-01-22,0.14493636363636364
1216,2016-01-21,0.14425454545454547
1217,2016-01-20,0.1409090909090909
1218,2016-01-19,0.14231818181818182
1219,2016-01-15,0.14027272727272727
1220,2016-01-14,0.14436363636363636
1221,2016-01-13,0.14616363636363636
1222,2016-01-12,0.14565454545454545
1223,2016-01-11,0.14495454545454545
1224,2016-01-08,0.14493636363636364
1225,2016-01-07,0.1489272727272727
1226,2016-01-06,0.1530181818181818
1227,2016-01-05,0.15252727272727273
1228,2016-01-04,0.15238181818181817
1229,2015-12-31,0.15172727272727274
1230,2015-12-30,0.15086363636363637
1231,2015-12-29,0.1477
1232,2015-12-28,0.14786363636363636
1233,2015-12-24,0.1486090909090909
1234,2015-12-23,0.14824545454545454
1235,2015-12-22,0.14422727272727273
1236,2015-12-21,0.14136363636363636
1237,2015-12-18,0.13522727272727272
1238,2015-12-17,0.13113636363636363
1239,2015-12-16,0.13427272727272727
1240,2015-12-15,0.13502727272727272
1241,2015-12-14,0.13468181818181818
1242,2015-12-11,0.1382909090909091
1243,2015-12-10,0.13913636363636364
1244,2015-12-09,0.13692727272727273
1245,2015-12-08,0.13986363636363636
1246,2015-12-07,0.14222727272727273
1247,2015-12-04,0.14495454545454545
1248,2015-12-03,0.14522727272727273
1249,2015-12-02,0.1461090909090909
1250,2015-12-01,0.14945454545454545
1251,2015-11-30,0.14795454545454545
1252,2015-11-27,0.15093636363636365
1253,2015-11-25,0.14997272727272729
1254,2015-11-24,0.1497090909090909
1255,2015-11-23,0.15036363636363637
1256,2015-11-20,0.14877272727272728
1257,2015-11-19,0.1592909090909091
1258,2015-11-18,0.15898181818181817
1259,2015-11-17,0.1577
1260,2015-11-16,0.15663636363636366
1261,2015-11-13,0.15915454545454544
1262,2015-11-12,0.15943636363636363
1263,2015-11-11,0.15895454545454546
1264,2015-11-10,0.15595454545454546
1265,2015-11-09,0.1610181818181818
1266,2015-11-06,0.1651090909090909
1267,2015-11-05,0.1651090909090909
1268,2015-11-04,0.16922727272727273
1269,2015-11-03,0.17331818181818182
1270,2015-11-02,0.1748
1271,2015-10-30,0.17354545454545456
1272,2015-10-29,0.1755909090909091
1273,2015-10-28,0.1759090909090909
1274,2015-10-27,0.17509090909090907
1275,2015-10-26,0.17607272727272727
1276,2015-10-23,0.17731818181818182
1277,2015-10-22,0.17777272727272728
1278,2015-10-21,0.1765909090909091
1279,2015-10-20,0.17716363636363636
1280,2015-10-19,0.17727272727272728
1281,2015-10-16,0.1761818181818182
1282,2015-10-15,0.17252727272727272
1283,2015-10-14,0.17345454545454547
1284,2015-10-13,0.17245454545454544
1285,2015-10-12,0.17216363636363635
1286,2015-10-09,0.17179090909090908
1287,2015-10-08,0.1708
1288,2015-10-07,0.16813636363636364
1289,2015-10-06,0.16593636363636363
1290,2015-10-05,0.16192727272727273
1291,2015-10-02,0.16318181818181818
1292,2015-10-01,0.1612727272727273
1293,2015-09-30,0.1619818181818182
1294,2015-09-29,0.16438181818181818
1295,2015-09-28,0.16843636363636363
1296,2015-09-25,0.1678181818181818
1297,2015-09-24,0.17656363636363637
1298,2015-09-23,0.1772272727272727
1299,2015-09-22,0.1779090909090909
1300,2015-09-21,0.177
1301,2015-09-18,0.17527272727272727
1302,2015-09-17,0.17563636363636362
1303,2015-09-16,0.17647272727272728
1304,2015-09-15,0.18029090909090909
1305,2015-09-14,0.18195454545454545
1306,2015-09-11,0.18245454545454545
1307,2015-09-10,0.1854090909090909
1308,2015-09-09,0.1852909090909091
1309,2015-09-08,0.18572727272727274
1310,2015-09-04,0.18304545454545454
1311,2015-09-03,0.18413636363636365
1312,2015-09-02,0.1825
1313,2015-09-01,0.18207272727272727
1314,2015-08-31,0.18347272727272726
1315,2015-08-28,0.184
1316,2015-08-27,0.19090909090909092
1317,2015-08-26,0.19116363636363637
1318,2015-08-25,0.19172727272727275
1319,2015-08-24,0.19165454545454544
1320,2015-08-21,0.19272727272727272
1321,2015-08-20,0.1938181818181818
1322,2015-08-19,0.19436363636363638
1323,2015-08-18,0.19504545454545455
1324,2015-08-17,0.19490909090909092
1325,2015-08-14,0.19445454545454546
1326,2015-08-13,0.19457272727272729
1327,2015-08-12,0.19443636363636363
1328,2015-08-11,0.1946090909090909
1329,2015-08-10,0.19477272727272726
1330,2015-08-07,0.19465454545454547
1331,2015-08-06,0.19542727272727273
1332,2015-08-05,0.19465454545454547
1333,2015-08-04,0.19449999999999998
1334,2015-08-03,0.1944090909090909
1335,2015-07-31,0.19156363636363635
1336,2015-07-30,0.1920181818181818
1337,2015-07-29,0.19224545454545455
1338,2015-07-28,0.19204545454545455
1339,2015-07-27,0.18977272727272726
1340,2015-07-24,0.19061818181818183
1341,2015-07-23,0.1907090909090909
1342,2015-07-22,0.19307272727272726
1343,2015-07-21,0.19369999999999998
1344,2015-07-20,0.19665454545454544
1345,2015-07-17,0.19563636363636364
1346,2015-07-16,0.19497272727272727
1347,2015-07-15,0.19574545454545453
1348,2015-07-14,0.19481818181818183
1349,2015-07-13,0.1920181818181818
1350,2015-07-10,0.19204545454545455
1351,2015-07-09,0.1925
1352,2015-07-08,0.1942
1353,2015-07-07,0.19738181818181819
1354,2015-07-06,0.19724545454545456
1355,2015-07-02,0.19768181818181818
1356,2015-07-01,0.19863636363636364
1357,2015-06-30,0.1952
1358,2015-06-29,0.19915454545454545
1359,2015-06-26,0.1975
1360,2015-06-25,0.19913636363636364
1361,2015-06-24,0.20322727272727273
1362,2015-06-23,0.20486363636363636
1363,2015-06-22,0.20525454545454547
1364,2015-06-19,0.20311818181818184
1365,2015-06-18,0.20175454545454546
1366,2015-06-17,0.20429090909090908
1367,2015-06-16,0.2044090909090909
1368,2015-06-15,0.20354545454545456
1369,2015-06-12,0.20313636363636361
1370,2015-06-11,0.2056818181818182
1371,2015-06-10,0.20616363636363635
1372,2015-06-09,0.20383636363636365
1373,2015-06-08,0.2025909090909091
1374,2015-06-05,0.20172727272727273
1375,2015-06-04,0.20233636363636362
1376,2015-06-03,0.20172727272727273
1377,2015-06-02,0.20301818181818182
1378,2015-06-01,0.20322727272727273
1379,2015-05-29,0.20268181818181819
1380,2015-05-28,0.2045
1381,2015-05-27,0.2013
1382,2015-05-26,0.19963636363636364
1383,2015-05-22,0.1990909090909091
1384,2015-05-21,0.2000909090909091
1385,2015-05-20,0.19974545454545453
1386,2015-05-19,0.1994090909090909
1387,2015-05-18,0.19906363636363636
1388,2015-05-15,0.1990909090909091
1389,2015-05-14,0.1993181818181818
1390,2015-05-13,0.19886363636363635
1391,2015-05-12,0.1979090909090909
1392,2015-05-11,0.19707272727272726
1393,2015-05-08,0.19625454545454546
1394,2015-05-07,0.19536363636363638
1395,2015-05-06,0.195
1396,2015-05-05,0.1958
1397,2015-05-04,0.1955909090909091
1398,2015-05-01,0.1942
1399,2015-04-30,0.1977727272727273
1400,2015-04-29,0.19684545454545455
1401,2015-04-28,0.19633636363636364
1402,2015-04-27,0.19536363636363638
1403,2015-04-24,0.1953181818181818
1404,2015-04-23,0.1948
1405,2015-04-22,0.19322727272727275
1406,2015-04-21,0.19331818181818183
1407,2015-04-20,0.19256363636363635
1408,2015-04-17,0.19363636363636363
1409,2015-04-16,0.19618181818181818
1410,2015-04-15,0.19565454545454544
1411,2015-04-14,0.1938181818181818
1412,2015-04-13,0.19295454545454546
1413,2015-04-10,0.19313636363636363
1414,2015-04-09,0.1967909090909091
1415,2015-04-08,0.19656363636363636
1416,2015-04-07,0.1978909090909091
1417,2015-04-06,0.19981818181818184
1418,2015-04-02,0.20034545454545455
1419,2015-04-01,0.19874545454545456
1420,2015-03-31,0.1982909090909091
1421,2015-03-30,0.19874545454545456
1422,2015-03-27,0.19934545454545455
1423,2015-03-26,0.19768181818181818
1424,2015-03-25,0.1979090909090909
1425,2015-03-24,0.19743636363636363
1426,2015-03-23,0.19724545454545456
1427,2015-03-20,0.19534545454545454
1428,2015-03-19,0.1945909090909091
1429,2015-03-18,0.19477272727272726
1430,2015-03-17,0.19233636363636364
1431,2015-03-16,0.19311818181818183
1432,2015-03-13,0.19374545454545455
1433,2015-03-12,0.19516363636363637
1434,2015-03-11,0.1950909090909091
1435,2015-03-10,0.19292727272727273
1436,2015-03-09,0.19063636363636363
1437,2015-03-06,0.19065454545454547
1438,2015-03-05,0.1877909090909091
1439,2015-03-04,0.18838181818181818
1440,2015-03-03,0.1842909090909091
1441,2015-03-02,0.18554545454545454
1442,2015-02-27,0.18354545454545454
1443,2015-02-26,0.1820909090909091
1444,2015-02-25,0.17906363636363637
1445,2015-02-24,0.17781818181818182
1446,2015-02-23,0.18006363636363637
1447,2015-02-20,0.18107272727272727
1448,2015-02-19,0.18413636363636365
1449,2015-02-18,0.18463636363636363
1450,2015-02-17,0.18313636363636362
1451,2015-02-13,0.18531818181818183
1452,2015-02-12,0.1820909090909091
1453,2015-02-11,0.1806818181818182
1454,2015-02-10,0.18366363636363636
1455,2015-02-09,0.18510909090909092
1456,2015-02-06,0.1813181818181818
1457,2015-02-05,0.17786363636363636
1458,2015-02-04,0.17883636363636363
1459,2015-02-03,0.18136363636363637
1460,2015-02-02,0.18245454545454545
1461,2015-01-30,0.18654545454545454
1462,2015-01-29,0.1930909090909091
1463,2015-01-28,0.19313636363636363
1464,2015-01-27,0.19161818181818183
1465,2015-01-26,0.19240909090909092
1466,2015-01-23,0.19427272727272726
1467,2015-01-22,0.19633636363636364
1468,2015-01-21,0.1960909090909091
1469,2015-01-20,0.19497272727272727
1470,2015-01-16,0.19463636363636364
1471,2015-01-15,0.19604545454545455
1472,2015-01-14,0.20013636363636364
1473,2015-01-13,0.20140909090909093
1474,2015-01-12,0.2030909090909091
1475,2015-01-09,0.20220909090909092
1476,2015-01-08,0.2051090909090909
1477,2015-01-07,0.20513636363636364
1478,2015-01-06,0.20427272727272727
1479,2015-01-05,0.20516363636363638
1480,2015-01-02,0.20359090909090907
1481,2014-12-31,0.19949999999999998
1482,2014-12-30,0.19847272727272727
1483,2014-12-29,0.19768181818181818
1484,2014-12-26,0.1942909090909091
1485,2014-12-24,0.19522727272727272
1486,2014-12-23,0.19738181818181819
1487,2014-12-22,0.20045454545454544
1488,2014-12-19,0.20013636363636364
1489,2014-12-18,0.19733636363636364
1490,2014-12-17,0.1969090909090909
1491,2014-12-16,0.19963636363636364
1492,2014-12-15,0.20236363636363636
1493,2014-12-12,0.20509090909090907
1494,2014-12-11,0.20781818181818182
1495,2014-12-10,0.21054545454545454
1496,2014-12-09,0.21161818181818182
1497,2014-12-08,0.2108
1498,2014-12-05,0.21352727272727273
1499,2014-12-04,0.2145
1500,2014-12-03,0.21347272727272726
1501,2014-12-02,0.21413636363636365
1502,2014-12-01,0.21279090909090909
1503,2014-11-28,0.21006363636363637
1504,2014-11-26,0.20954545454545453
1505,2014-11-25,0.21034545454545453
1506,2014-11-24,0.21213636363636362
1507,2014-11-21,0.21486363636363637
1508,2014-11-20,0.21857272727272728
1509,2014-11-19,0.2186818181818182
1510,2014-11-18,0.21857272727272728
1511,2014-11-17,0.2182090909090909
1512,2014-11-14,0.21818181818181817
1513,2014-11-13,0.21759090909090908
1514,2014-11-12,0.21759090909090908
1515,2014-11-11,0.21713636363636363
1516,2014-11-10,0.2173
1517,2014-11-07,0.21684545454545454
1518,2014-11-06,0.21502727272727273
1519,2014-11-05,0.21434545454545453
1520,2014-11-04,0.21556363636363637
1521,2014-11-03,0.21415454545454546
1522,2014-10-31,0.21286363636363637
1523,2014-10-30,0.21795454545454546
1524,2014-10-29,0.21713636363636363
1525,2014-10-28,0.21661818181818182
1526,2014-10-27,0.21665454545454546
1527,2014-10-24,0.21627272727272728
1528,2014-10-23,0.21838181818181818
1529,2014-10-22,0.21768181818181817
1530,2014-10-21,0.2172272727272727
1531,2014-10-20,0.21886363636363637
1532,2014-10-17,0.21677272727272726
1533,2014-10-16,0.21836363636363634
1534,2014-10-15,0.21581818181818183
1535,2014-10-14,0.2170181818181818
1536,2014-10-13,0.21936363636363637
1537,2014-10-10,0.21863636363636363
1538,2014-10-09,0.2196818181818182
1539,2014-10-08,0.2202909090909091
1540,2014-10-07,0.2195181818181818
1541,2014-10-06,0.21818181818181817
1542,2014-10-03,0.21898181818181817
1543,2014-10-02,0.21918181818181817
1544,2014-10-01,0.21675454545454545
1545,2014-09-30,0.21402727272727273
1546,2014-09-29,0.21331818181818182
1547,2014-09-26,0.2119090909090909
1548,2014-09-25,0.2098909090909091
1549,2014-09-24,0.21006363636363637
1550,2014-09-23,0.2099090909090909
1551,2014-09-22,0.20936363636363636
1552,2014-09-19,0.20963636363636362
1553,2014-09-18,0.209
1554,2014-09-17,0.20936363636363636
1555,2014-09-16,0.20872727272727273
1556,2014-09-15,0.2084090909090909
1557,2014-09-12,0.2086090909090909
1558,2014-09-11,0.20731818181818182
1559,2014-09-10,0.20804545454545453
1560,2014-09-09,0.20783636363636365
1561,2014-09-08,0.20650000000000002
1562,2014-09-05,0.2052
1563,2014-09-04,0.20345454545454547
1564,2014-09-03,0.20245454545454544
1565,2014-09-02,0.20022727272727273
1566,2014-08-29,0.19877272727272727
1567,2014-08-28,0.19866363636363638
1568,2014-08-27,0.1983181818181818
1569,2014-08-26,0.19775454545454546
1570,2014-08-25,0.19763636363636364
1571,2014-08-22,0.19645454545454544
1572,2014-08-21,0.19563636363636364
1573,2014-08-20,0.1954090909090909
1574,2014-08-19,0.19740909090909092
1575,2014-08-18,0.19820909090909092
1576,2014-08-15,0.19747272727272727
1577,2014-08-14,0.19556363636363636
1578,2014-08-13,0.1948909090909091
1579,2014-08-12,0.19504545454545455
1580,2014-08-11,0.1977
1581,2014-08-08,0.19574545454545453
1582,2014-08-07,0.19847272727272727
1583,2014-08-06,0.2012
1584,2014-08-05,0.20113636363636364
1585,2014-08-04,0.2008818181818182
1586,2014-08-01,0.20025454545454546
1587,2014-07-31,0.20061818181818183
1588,2014-07-30,0.20275454545454547
1589,2014-07-29,0.2013
1590,2014-07-28,0.20016363636363638
1591,2014-07-25,0.1984090909090909
1592,2014-07-24,0.19756363636363636
1593,2014-07-23,0.1975
1594,2014-07-22,0.1963909090909091
1595,2014-07-21,0.19366363636363637
1596,2014-07-18,0.19240909090909092
1597,2014-07-17,0.19236363636363635
1598,2014-07-16,0.19074545454545455
1599,2014-07-15,0.1923
1600,2014-07-14,0.19152727272727274
1601,2014-07-11,0.19125454545454545
1602,2014-07-10,0.19145454545454546
1603,2014-07-09,0.19418181818181818
1604,2014-07-08,0.19627272727272727
1605,2014-07-07,0.19818181818181818
1606,2014-07-03,0.19783636363636364
1607,2014-07-02,0.19654545454545452
1608,2014-07-01,0.19616363636363637
1609,2014-06-30,0.19343636363636363
1610,2014-06-27,0.19483636363636364
1611,2014-06-26,0.19556363636363636
1612,2014-06-25,0.19283636363636364
1613,2014-06-24,0.19147272727272727
1614,2014-06-23,0.189
1615,2014-06-20,0.18807272727272728
1616,2014-06-19,0.1886818181818182
1617,2014-06-18,0.1862272727272727
1618,2014-06-17,0.18895454545454546
1619,2014-06-16,0.18972727272727272
1620,2014-06-13,0.18922727272727274
1621,2014-06-12,0.18713636363636363
1622,2014-06-11,0.18443636363636362
1623,2014-06-10,0.18652727272727274
1624,2014-06-09,0.18502727272727273
1625,2014-06-06,0.1823
1626,2014-06-05,0.18165454545454546
1627,2014-06-04,0.1807090909090909
1628,2014-06-03,0.18027272727272728
1629,2014-06-02,0.1796090909090909
1630,2014-05-30,0.17913636363636365
1631,2014-05-29,0.17913636363636365
1632,2014-05-28,0.17779090909090908
1633,2014-05-27,0.1759090909090909
1634,2014-05-23,0.17531818181818182
1635,2014-05-22,0.17188181818181816
1636,2014-05-21,0.172
1637,2014-05-20,0.17186363636363639
1638,2014-05-19,0.17133636363636365
1639,2014-05-16,0.17027272727272727
1640,2014-05-15,0.16922727272727273
1641,2014-05-14,0.16854545454545455
1642,2014-05-13,0.16792727272727273
1643,2014-05-12,0.1678181818181818
1644,2014-05-09,0.16779090909090907
1645,2014-05-08,0.1668181818181818
1646,2014-05-07,0.1663909090909091
1647,2014-05-06,0.1667909090909091
1648,2014-05-05,0.16604545454545455
1649,2014-05-02,0.1668181818181818
1650,2014-05-01,0.16722727272727272
1651,2014-04-30,0.16472727272727272
1652,2014-04-29,0.16415454545454544
1653,2014-04-28,0.16463636363636364
1654,2014-04-25,0.16363636363636364
1655,2014-04-24,0.16327272727272726
1656,2014-04-23,0.16238181818181818
1657,2014-04-22,0.16213636363636363
1658,2014-04-21,0.1619090909090909
1659,2014-04-17,0.16231818181818183
1660,2014-04-16,0.16295454545454546
1661,2014-04-15,0.16292727272727273
1662,2014-04-14,0.16363636363636364
1663,2014-04-11,0.16318181818181818
1664,2014-04-10,0.16207272727272728
1665,2014-04-09,0.1626181818181818
1666,2014-04-08,0.1620909090909091
1667,2014-04-07,0.16136363636363638
1668,2014-04-04,0.16154545454545455
1669,2014-04-03,0.16256363636363635
1670,2014-04-02,0.1611090909090909
1671,2014-04-01,0.1604090909090909
1672,2014-03-31,0.16093636363636363
1673,2014-03-28,0.16213636363636363
1674,2014-03-27,0.16231818181818183
1675,2014-03-26,0.16177272727272726
1676,2014-03-25,0.1611090909090909
1677,2014-03-24,0.16063636363636363
1678,2014-03-21,0.15911818181818183
1679,2014-03-20,0.15783636363636364
1680,2014-03-19,0.15854545454545454
1681,2014-03-18,0.1582909090909091
1682,2014-03-17,0.15886363636363637
1683,2014-03-14,0.15872727272727272
1684,2014-03-13,0.15815454545454546
1685,2014-03-12,0.15815454545454546
1686,2014-03-11,0.15811818181818182
1687,2014-03-10,0.1579090909090909
1688,2014-03-07,0.1567090909090909
1689,2014-03-06,0.15581818181818183
1690,2014-03-05,0.15656363636363635
1691,2014-03-04,0.1571818181818182
1692,2014-03-03,0.15616363636363637
1693,2014-02-28,0.15609090909090909
1694,2014-02-27,0.1562
1695,2014-02-26,0.15636363636363637
1696,2014-02-25,0.1555181818181818
1697,2014-02-24,0.1547272727272727
1698,2014-02-21,0.15518181818181817
1699,2014-02-20,0.15556363636363638
1700,2014-02-19,0.15561818181818182
1701,2014-02-18,0.15609090909090909
1702,2014-02-14,0.15497272727272726
1703,2014-02-13,0.1552
1704,2014-02-12,0.15318181818181817
1705,2014-02-11,0.15343636363636365
1706,2014-02-10,0.15263636363636365
1707,2014-02-07,0.15254545454545457
1708,2014-02-06,0.15181818181818182
1709,2014-02-05,0.15175454545454545
1710,2014-02-04,0.1517909090909091
1711,2014-02-03,0.15272727272727274
1712,2014-01-31,0.15402727272727273
1713,2014-01-30,0.15607272727272728
1714,2014-01-29,0.1561818181818182
1715,2014-01-28,0.15584545454545456
1716,2014-01-27,0.15542727272727272
1717,2014-01-24,0.15518181818181817
1718,2014-01-23,0.15489090909090908
1719,2014-01-22,0.15497272727272726
1720,2014-01-21,0.15436363636363637
1721,2014-01-17,0.15454545454545454
1722,2014-01-16,0.15436363636363637
1723,2014-01-15,0.154
1724,2014-01-14,0.15327272727272725
1725,2014-01-13,0.15256363636363635
1726,2014-01-10,0.15331818181818183
1727,2014-01-09,0.15377272727272728
1728,2014-01-08,0.15315454545454546
1729,2014-01-07,0.15277272727272728
1730,2014-01-06,0.15275454545454545
1731,2014-01-03,0.15238181818181817
1732,2014-01-02,0.15181818181818182
1733,2013-12-31,0.15154545454545454
1734,2013-12-30,0.15207272727272728
1735,2013-12-27,0.15181818181818182
1736,2013-12-26,0.15145454545454545
1737,2013-12-24,0.15113636363636362
1738,2013-12-23,0.15152727272727273
1739,2013-12-20,0.1517909090909091
1740,2013-12-19,0.15163636363636365
1741,2013-12-18,0.15095454545454545
1742,2013-12-17,0.15195454545454545
1743,2013-12-16,0.15309090909090908
1744,2013-12-13,0.15188181818181817
1745,2013-12-12,0.15188181818181817
1746,2013-12-11,0.15061818181818182
1747,2013-12-10,0.15050000000000002
1748,2013-12-09,0.15013636363636365
1749,2013-12-06,0.14951818181818183
1750,2013-12-05,0.1492
1751,2013-12-04,0.15004545454545457
1752,2013-12-03,0.14986363636363637
1753,2013-12-02,0.15031818181818182
1754,2013-11-29,0.15042727272727272
1755,2013-11-27,0.15029090909090909
1756,2013-11-26,0.14943636363636364
1757,2013-11-25,0.14800000000000002
1758,2013-11-22,0.14863636363636365
1759,2013-11-21,0.14981818181818182
1760,2013-11-20,0.1496090909090909
1761,2013-11-19,0.14943636363636364
1762,2013-11-18,0.14986363636363637
1763,2013-11-15,0.15013636363636365
1764,2013-11-14,0.15002727272727273
1765,2013-11-13,0.14986363636363637
1766,2013-11-12,0.1496818181818182
1767,2013-11-11,0.14927272727272725
1768,2013-11-08,0.1494818181818182
1769,2013-11-07,0.14965454545454546
1770,2013-11-06,0.14986363636363637
1771,2013-11-05,0.1498
1772,2013-11-04,0.14872727272727274
1773,2013-11-01,0.14863636363636365
1774,2013-10-31,0.15029090909090909
1775,2013-10-30,0.1502
1776,2013-10-29,0.1503909090909091
1777,2013-10-28,0.15088181818181817
1778,2013-10-25,0.15050000000000002
1779,2013-10-24,0.15050000000000002
1780,2013-10-23,0.15104545454545454
1781,2013-10-22,0.15095454545454545
1782,2013-10-21,0.15074545454545454
1783,2013-10-18,0.15097272727272726
1784,2013-10-17,0.15077272727272728
1785,2013-10-16,0.1509090909090909
1786,2013-10-15,0.15063636363636362
1787,2013-10-14,0.15216363636363636
1788,2013-10-11,0.15224545454545454
1789,2013-10-10,0.15084545454545456
1790,2013-10-09,0.1495909090909091
1791,2013-10-08,0.14981818181818182
1792,2013-10-07,0.14909090909090908
1793,2013-10-04,0.1495
1794,2013-10-03,0.14918181818181817
1795,2013-10-02,0.1496090909090909
1796,2013-10-01,0.14945454545454545
1797,2013-09-30,0.14918181818181817
1798,2013-09-27,0.1492
1799,2013-09-26,0.14504545454545456
1800,2013-09-25,0.14425454545454547
1801,2013-09-24,0.14359090909090907
1802,2013-09-23,0.1432909090909091
1803,2013-09-20,0.14281818181818182
1804,2013-09-19,0.14286363636363636
1805,2013-09-18,0.14286363636363636
1806,2013-09-17,0.14236363636363636
1807,2013-09-16,0.14327272727272727
1808,2013-09-13,0.14300000000000002
1809,2013-09-12,0.14275454545454547
1810,2013-09-11,0.14216363636363635
1811,2013-09-10,0.1421818181818182
1812,2013-09-09,0.14236363636363636
1813,2013-09-06,0.14233636363636362
1814,2013-09-05,0.1425
1815,2013-09-04,0.14275454545454547
1816,2013-09-03,0.1428909090909091
1817,2013-08-30,0.14266363636363638
1818,2013-08-29,0.14095454545454547
1819,2013-08-28,0.14065454545454545
1820,2013-08-27,0.14065454545454545
1821,2013-08-26,0.14036363636363636
1822,2013-08-23,0.1409090909090909
1823,2013-08-22,0.14131818181818182
1824,2013-08-21,0.14142727272727273
1825,2013-08-20,0.14127272727272727
1826,2013-08-19,0.14081818181818181
1827,2013-08-16,0.14070909090909092
1828,2013-08-15,0.1400909090909091
1829,2013-08-14,0.13963636363636364
1830,2013-08-13,0.13986363636363636
1831,2013-08-12,0.13954545454545456
1832,2013-08-09,0.13986363636363636
