Date,Price per unit (USD/lb)
2020-11-11,1.124
2020-11-10,1.11875
2020-11-09,1.11825
2020-11-06,1.0865
2020-11-05,1.0835
2020-11-04,1.07875
2020-11-03,1.07825
2020-11-02,1.0855
2020-10-30,1.05975
2020-10-29,1.06275
2020-10-28,1.0585
2020-10-27,1.0485
2020-10-26,1.03975
2020-10-23,1.0334999999999999
2020-10-22,1.03325
2020-10-21,1.0365
2020-10-20,1.04125
2020-10-19,1.04
2020-10-16,1.0715000000000001
2020-10-15,1.07775
2020-10-14,1.08375
2020-10-13,1.08825
2020-10-12,1.0835
2020-10-09,1.09875
2020-10-08,1.097
2020-10-07,1.10175
2020-10-06,1.092
2020-10-05,1.08825
2020-10-02,1.08175
2020-10-01,1.08525
2020-09-30,1.0855
2020-09-29,1.089
2020-09-28,1.0795000000000001
2020-09-25,1.07575
2020-09-24,1.0802500000000002
2020-09-23,1.0715000000000001
2020-09-22,1.0647499999999999
2020-09-21,1.067
2020-09-18,1.0735
2020-09-17,1.06775
2020-09-16,1.06725
2020-09-15,1.071
2020-09-14,1.06875
2020-09-11,1.05525
2020-09-10,1.051
2020-09-09,1.047
2020-09-08,1.05775
2020-09-04,1.0445
2020-09-03,1.03925
2020-09-02,1.0447499999999998
2020-09-01,1.0547499999999999
2020-08-31,1.045
2020-08-28,1.03225
2020-08-27,1.02975
2020-08-26,1.0405
2020-08-25,1.055
2020-08-24,1.05575
2020-08-21,1.058
2020-08-20,1.0702500000000001
2020-08-19,1.0747499999999999
2020-08-18,1.06725
2020-08-17,1.069
2020-08-14,1.0759999999999998
2020-08-13,1.0705
2020-08-12,1.0635
2020-08-11,1.0465
2020-08-10,1.036
2020-08-07,1.028
2020-08-06,1.02625
2020-08-05,1.023
2020-08-04,1.02275
2020-08-03,1.03025
2020-07-31,1.02825
2020-07-30,1.01725
2020-07-29,1.0145
2020-07-28,1.0090000000000001
2020-07-27,1.0042499999999999
2020-07-24,1.01325
2020-07-23,1.0085
2020-07-22,1.015
2020-07-21,1.0185
2020-07-20,1.02275
2020-07-17,1.03275
2020-07-16,1.03275
2020-07-15,1.013
2020-07-14,0.988
2020-07-13,0.9965
2020-07-10,1.0
2020-07-09,0.9925
2020-07-08,0.9915
2020-07-07,1.0
2020-07-06,1.001
2020-07-02,0.9940000000000001
2020-07-01,0.973
2020-06-30,0.9165000000000001
2020-06-29,0.95
2020-06-26,0.9470000000000001
2020-06-25,0.94175
2020-06-24,0.9329999999999999
2020-06-23,0.93525
2020-06-22,0.9440000000000001
2020-06-19,0.9470000000000001
2020-06-18,0.96075
2020-06-17,0.965
2020-06-16,0.96325
2020-06-15,0.96075
2020-06-12,0.96075
2020-06-11,0.96825
2020-06-10,0.966
2020-06-09,0.96325
2020-06-08,0.94125
2020-06-05,0.9390000000000001
2020-06-04,0.9572499999999999
2020-06-03,0.9545
2020-06-02,0.953
2020-06-01,0.983
2020-05-29,0.99725
2020-05-28,1.01475
2020-05-27,1.008
2020-05-26,0.9940000000000001
2020-05-22,0.977
2020-05-21,0.988
2020-05-20,0.9840000000000001
2020-05-19,0.98775
2020-05-18,0.98725
2020-05-15,0.97
2020-05-14,0.94125
2020-05-13,0.93875
2020-05-12,0.97175
2020-05-11,0.92675
2020-05-08,0.9465
2020-05-07,0.93975
2020-05-06,0.8947499999999999
2020-05-05,0.8647499999999999
2020-05-04,0.88075
2020-05-01,0.8725
2020-04-30,0.9
2020-04-29,0.856
2020-04-28,0.8552500000000001
2020-04-27,0.848
2020-04-24,0.8497499999999999
2020-04-23,0.8595
2020-04-22,0.8895000000000001
2020-04-21,0.9159999999999999
2020-04-20,0.93525
2020-04-17,0.9465
2020-04-16,0.955
2020-04-15,0.9472499999999999
2020-04-14,0.937
2020-04-13,0.91
2020-04-10,0.84575
2020-04-09,0.94
2020-04-08,0.92825
2020-04-07,0.88325
2020-04-06,0.83825
2020-04-03,0.88325
2020-04-02,0.92825
2020-04-01,0.9732500000000001
2020-03-31,1.01825
2020-03-30,0.992
2020-03-27,1.0095
2020-03-26,1.0545
2020-03-25,1.0845
2020-03-24,1.0615
2020-03-23,1.0165
2020-03-20,0.9865
2020-03-19,0.951
2020-03-18,0.9209999999999999
2020-03-17,0.9634999999999999
2020-03-16,0.9185
2020-03-13,0.95575
2020-03-12,1.00075
2020-03-11,1.03075
2020-03-10,1.0545
2020-03-09,1.0285
2020-03-06,1.0575
2020-03-05,1.0865
2020-03-04,1.1127500000000001
2020-03-03,1.101
2020-03-02,1.1015000000000001
2020-02-28,1.127
2020-02-27,1.12625
2020-02-26,1.14075
2020-02-25,1.15025
2020-02-24,1.17
2020-02-21,1.19725
2020-02-20,1.2009999999999998
2020-02-19,1.213
2020-02-18,1.21425
2020-02-14,1.20825
2020-02-13,1.1945000000000001
2020-02-12,1.1895
2020-02-11,1.19075
2020-02-10,1.203
2020-02-07,1.21325
2020-02-06,1.21125
2020-02-05,1.2075
2020-02-04,1.21625
2020-02-03,1.21675
2020-01-31,1.21375
2020-01-30,1.21775
2020-01-29,1.2175
2020-01-28,1.2215
2020-01-27,1.2225
2020-01-24,1.2485
2020-01-23,1.24675
2020-01-22,1.26175
2020-01-21,1.26375
2020-01-17,1.2634999999999998
2020-01-16,1.26125
2020-01-15,1.266
2020-01-14,1.2685
2020-01-13,1.2655
2020-01-10,1.2742499999999999
2020-01-09,1.26725
2020-01-08,1.2634999999999998
2020-01-07,1.26525
2020-01-06,1.27275
2020-01-03,1.24725
2020-01-02,1.2577500000000001
2020-01-01,1.25975
2019-12-31,1.247
2019-12-30,1.2409999999999999
2019-12-27,1.235
2019-12-26,1.23275
2019-12-25,1.2577500000000001
2019-12-24,1.2265000000000001
2019-12-23,1.224
2019-12-20,1.2222499999999998
2019-12-19,1.22125
2019-12-18,1.2225
2019-12-17,1.2222499999999998
2019-12-16,1.2229999999999999
2019-12-13,1.22375
2019-12-12,1.20425
2019-12-11,1.20575
2019-12-10,1.19875
2019-12-09,1.2017499999999999
2019-12-06,1.202
2019-12-05,1.19925
2019-12-04,1.1945000000000001
2019-12-03,1.2055
2019-12-02,1.2075
2019-11-29,1.212
2019-11-27,1.21425
2019-11-26,1.204
2019-11-25,1.197
2019-11-22,1.18675
2019-11-21,1.19325
2019-11-20,1.193
2019-11-19,1.18775
2019-11-18,1.187
2019-11-15,1.1909999999999998
2019-11-14,1.19075
2019-11-13,1.181
2019-11-12,1.1975
2019-11-11,1.19875
2019-11-08,1.1925
2019-11-07,1.19
2019-11-06,1.19
2019-11-05,1.1945000000000001
2019-11-04,1.20075
2019-11-01,1.1952500000000001
2019-10-31,1.11675
2019-10-30,1.13375
2019-10-29,1.1335
2019-10-28,1.12875
2019-10-25,1.11975
2019-10-24,1.10425
2019-10-23,1.102
2019-10-22,1.09875
2019-10-21,1.1095
2019-10-18,1.10475
2019-10-17,1.124
2019-10-16,1.1235
2019-10-15,1.11
2019-10-14,1.10625
2019-10-11,1.0945
2019-10-10,1.08725
2019-10-09,1.0847499999999999
2019-10-08,1.08175
2019-10-07,1.0825
2019-10-04,1.0735
2019-10-03,1.068
2019-10-02,1.0605
2019-10-01,1.04625
2019-09-30,1.04575
2019-09-27,1.0502500000000001
2019-09-26,1.0295
2019-09-25,1.03
2019-09-24,1.02125
2019-09-23,1.0185
2019-09-20,0.9934999999999999
2019-09-19,0.998
2019-09-18,1.00375
2019-09-17,0.9934999999999999
2019-09-16,0.98
2019-09-13,0.98075
2019-09-12,0.98725
2019-09-11,0.985
2019-09-10,0.9615
2019-09-09,0.9420000000000001
2019-09-06,0.94875
2019-09-05,0.97875
2019-09-04,0.9902500000000001
2019-09-03,0.99275
2019-08-30,1.05
2019-08-29,1.0565
2019-08-28,1.05075
2019-08-27,1.0475
2019-08-26,1.0547499999999999
2019-08-23,1.04625
2019-08-22,1.04975
2019-08-21,1.02675
2019-08-20,1.018
2019-08-19,1.002
2019-08-16,0.99925
2019-08-15,1.002
2019-08-14,1.002
2019-08-13,1.0055
2019-08-12,1.0505
2019-08-09,1.0805
2019-08-08,1.0795000000000001
2019-08-07,1.0759999999999998
2019-08-06,1.07125
2019-08-05,1.078
2019-08-02,1.0765
2019-08-01,1.07875
2019-07-31,1.069
2019-07-30,1.081
2019-07-29,1.0865
2019-07-26,1.0865
2019-07-25,1.0865
2019-07-24,1.089
2019-07-23,1.0905
2019-07-22,1.0845
2019-07-19,1.0759999999999998
2019-07-18,1.074
2019-07-17,1.08125
2019-07-16,1.08225
2019-07-15,1.085
2019-07-12,1.0847499999999999
2019-07-11,1.07875
2019-07-10,1.07625
2019-07-09,1.08125
2019-07-08,1.0615
2019-07-05,1.07
2019-07-03,1.0545
2019-07-02,1.041
2019-07-01,1.041
2019-06-28,1.105
2019-06-27,1.10575
2019-06-26,1.09
2019-06-25,1.0775
2019-06-24,1.06925
2019-06-21,1.0655
2019-06-20,1.08175
2019-06-19,1.085
2019-06-18,1.0945
2019-06-17,1.0945
2019-06-14,1.08775
2019-06-13,1.0905
2019-06-12,1.0965
2019-06-11,1.10675
2019-06-10,1.097
2019-06-07,1.06925
2019-06-06,1.0759999999999998
2019-06-05,1.0785
2019-06-04,1.0755
2019-06-03,1.06775
2019-05-31,1.0847499999999999
2019-05-30,1.1007500000000001
2019-05-29,1.1235
2019-05-28,1.1155
2019-05-24,1.11175
2019-05-23,1.1079999999999999
2019-05-22,1.1065
2019-05-21,1.1085
2019-05-20,1.1135
2019-05-17,1.1127500000000001
2019-05-16,1.10475
2019-05-15,1.09675
2019-05-14,1.095
2019-05-13,1.0975
2019-05-10,1.1245
2019-05-09,1.1195
2019-05-08,1.1107500000000001
2019-05-07,1.1227500000000001
2019-05-06,1.1227500000000001
2019-05-03,1.13425
2019-05-02,1.13675
2019-05-01,1.13875
2019-04-30,1.2375
2019-04-29,1.2477500000000001
2019-04-26,1.2455
2019-04-25,1.2405
2019-04-24,1.2677500000000002
2019-04-23,1.2832499999999998
2019-04-22,1.285
2019-04-19,1.2265000000000001
2019-04-18,1.28525
2019-04-17,1.26925
2019-04-16,1.2715
2019-04-15,1.263
2019-04-12,1.2655
2019-04-11,1.26
2019-04-10,1.25875
2019-04-09,1.2590000000000001
2019-04-08,1.258
2019-04-05,1.2605
2019-04-04,1.2755
2019-04-03,1.2577500000000001
2019-04-02,1.26275
2019-04-01,1.26175
2019-03-29,1.2570000000000001
2019-03-28,1.26525
2019-03-27,1.2625
2019-03-26,1.2690000000000001
2019-03-25,1.27575
2019-03-22,1.29725
2019-03-21,1.2990000000000002
2019-03-20,1.29575
2019-03-19,1.29125
2019-03-18,1.2832499999999998
2019-03-15,1.291
2019-03-14,1.274
2019-03-13,1.26675
2019-03-12,1.2665
2019-03-11,1.29
2019-03-08,1.29675
2019-03-07,1.2894999999999999
2019-03-06,1.2890000000000001
2019-03-05,1.28825
2019-03-04,1.2834999999999999
2019-03-01,1.2955
2019-02-28,1.2994999999999999
2019-02-27,1.294
2019-02-26,1.29575
2019-02-25,1.2855
2019-02-22,1.28675
2019-02-21,1.27625
2019-02-20,1.2832499999999998
2019-02-19,1.27875
2019-02-15,1.26625
2019-02-14,1.26125
2019-02-13,1.2595
2019-02-12,1.26825
2019-02-11,1.27825
2019-02-08,1.27375
2019-02-07,1.263
2019-02-06,1.264
2019-02-05,1.2670000000000001
2019-02-04,1.25725
2019-02-01,1.2545
2019-01-31,1.248
2019-01-30,1.2615
2019-01-29,1.26475
2019-01-28,1.264
2019-01-25,1.2605
2019-01-24,1.2534999999999998
2019-01-23,1.2555
2019-01-22,1.25125
2019-01-18,1.26525
2019-01-17,1.271
2019-01-16,1.27825
2019-01-15,1.2695
2019-01-14,1.2542499999999999
2019-01-11,1.24975
2019-01-10,1.24875
2019-01-09,1.248
2019-01-08,1.253
2019-01-07,1.232
2019-01-04,1.21925
2019-01-03,1.2322499999999998
2019-01-02,1.23525
2018-12-31,1.248
2018-12-28,1.24075
2018-12-27,1.22925
2018-12-26,1.2135
2018-12-24,1.20875
2018-12-21,1.20875
2018-12-20,1.20225
2018-12-19,1.19725
2018-12-18,1.19775
2018-12-17,1.19025
2018-12-14,1.19575
2018-12-13,1.1945000000000001
2018-12-12,1.19125
2018-12-11,1.18375
2018-12-10,1.17575
2018-12-07,1.179
2018-12-06,1.1795
2018-12-05,1.183
2018-12-04,1.17775
2018-12-03,1.16875
2018-11-30,1.16925
2018-11-29,1.166
2018-11-28,1.16775
2018-11-27,1.167
2018-11-26,1.16925
2018-11-23,1.171
2018-11-21,1.1640000000000001
2018-11-20,1.157
2018-11-19,1.1615
2018-11-16,1.1535
2018-11-15,1.1515
2018-11-14,1.146
2018-11-13,1.15375
2018-11-12,1.1492499999999999
2018-11-09,1.14575
2018-11-08,1.1655
2018-11-07,1.161
2018-11-06,1.15425
2018-11-05,1.15325
2018-11-02,1.17075
2018-11-01,1.17125
2018-10-31,1.1584999999999999
2018-10-30,1.139
2018-10-29,1.143
2018-10-26,1.13875
2018-10-25,1.1335
2018-10-24,1.1327500000000001
2018-10-23,1.12775
2018-10-22,1.128
2018-10-19,1.1225
2018-10-18,1.13075
2018-10-17,1.1292499999999999
2018-10-16,1.1265
2018-10-15,1.13375
2018-10-12,1.12325
2018-10-11,1.12625
2018-10-10,1.1207500000000001
2018-10-09,1.1335
2018-10-08,1.14175
2018-10-05,1.138
2018-10-04,1.13625
2018-10-03,1.1320000000000001
2018-10-02,1.13975
2018-10-01,1.13675
2018-09-28,1.1345
2018-09-27,1.13225
2018-09-26,1.13875
2018-09-25,1.1235
2018-09-24,1.12175
2018-09-21,1.13075
2018-09-20,1.1245
2018-09-19,1.131
2018-09-18,1.13225
2018-09-17,1.13425
2018-09-14,1.138
2018-09-13,1.1079999999999999
2018-09-12,1.11475
2018-09-11,1.093
2018-09-10,1.1015000000000001
2018-09-07,1.0995
2018-09-06,1.089
2018-09-05,1.0905
2018-09-04,1.09875
2018-08-31,1.0767499999999999
2018-08-30,1.0979999999999999
2018-08-29,1.09175
2018-08-28,1.078
2018-08-27,1.082
2018-08-24,1.0625
2018-08-23,1.0795000000000001
2018-08-22,1.08225
2018-08-21,1.09275
2018-08-20,1.09075
2018-08-17,1.09425
2018-08-16,1.08325
2018-08-15,1.08325
2018-08-14,1.07975
2018-08-13,1.072
2018-08-10,1.0825
2018-08-09,1.0825
2018-08-08,1.09825
2018-08-07,1.1007500000000001
2018-08-06,1.104
2018-08-03,1.10675
2018-08-02,1.0859999999999999
2018-08-01,1.08625
2018-07-31,1.0767499999999999
2018-07-30,1.08425
2018-07-27,1.08625
2018-07-26,1.0795000000000001
2018-07-25,1.0902500000000002
2018-07-24,1.0805
2018-07-23,1.08725
2018-07-20,1.08925
2018-07-19,1.089
2018-07-18,1.0895000000000001
2018-07-17,1.06425
2018-07-16,1.06925
2018-07-13,1.0454999999999999
2018-07-12,1.0502500000000001
2018-07-11,1.0385
2018-07-10,1.0545
2018-07-09,1.06125
2018-07-06,1.06375
2018-07-05,1.06375
2018-07-03,1.0645
2018-07-02,1.069
2018-06-29,1.07
2018-06-28,1.082
2018-06-27,1.0702500000000001
2018-06-26,1.05925
2018-06-25,1.05975
2018-06-22,1.08275
2018-06-21,1.0865
2018-06-20,1.0902500000000002
2018-06-19,1.08525
2018-06-18,1.083
2018-06-15,1.0845
2018-06-14,1.0625
2018-06-13,1.07925
2018-06-12,1.08525
2018-06-11,1.0865
2018-06-08,1.10025
2018-06-07,1.08375
2018-06-06,1.083
2018-06-05,1.072
2018-06-04,1.04725
2018-06-01,1.0490000000000002
2018-05-31,1.0505
2018-05-30,1.06125
2018-05-29,1.03125
2018-05-25,1.0465
2018-05-24,1.044
2018-05-23,1.0545
2018-05-22,1.0490000000000002
2018-05-21,1.04925
2018-05-18,1.024
2018-05-17,1.0305
2018-05-16,1.01825
2018-05-15,1.02975
2018-05-14,1.04625
2018-05-11,1.07625
2018-05-10,1.07525
2018-05-09,1.05675
2018-05-08,1.063
2018-05-07,1.05175
2018-05-04,1.0605
2018-05-03,1.06525
2018-05-02,1.0485
2018-05-01,1.0582500000000001
2018-04-30,1.2375
2018-04-27,1.2445
2018-04-26,1.22525
2018-04-25,1.21925
2018-04-24,1.2109999999999999
2018-04-23,1.21725
2018-04-20,1.1935
2018-04-19,1.178
2018-04-18,1.1897499999999999
2018-04-17,1.1804999999999999
2018-04-16,1.1715
2018-04-13,1.1655
2018-04-12,1.1575
2018-04-11,1.135
2018-04-10,1.128
2018-04-09,1.12025
2018-04-06,1.12225
2018-04-05,1.143
2018-04-04,1.13025
2018-04-03,1.11975
2018-04-02,1.124
2018-03-29,1.1375
2018-03-28,1.16
2018-03-27,1.15425
2018-03-26,1.15175
2018-03-23,1.1604999999999999
2018-03-22,1.1815
2018-03-21,1.177
2018-03-20,1.19575
2018-03-19,1.20225
2018-03-16,1.2125
2018-03-15,1.2185
2018-03-14,1.23
2018-03-13,1.219
2018-03-12,1.2155
2018-03-09,1.23125
2018-03-08,1.21775
2018-03-07,1.22975
2018-03-06,1.22825
2018-03-05,1.2322499999999998
2018-03-02,1.22175
2018-03-01,1.23325
2018-02-28,1.275
2018-02-27,1.28025
2018-02-26,1.274
2018-02-23,1.28
2018-02-22,1.2834999999999999
2018-02-21,1.2965
2018-02-20,1.3030000000000002
2018-02-16,1.301
2018-02-15,1.29275
2018-02-14,1.2765
2018-02-13,1.26825
2018-02-12,1.27125
2018-02-09,1.26525
2018-02-08,1.2577500000000001
2018-02-07,1.256
2018-02-06,1.25625
2018-02-05,1.26125
2018-02-02,1.2685
2018-02-01,1.2642499999999999
2018-01-31,1.2385
2018-01-30,1.24825
2018-01-29,1.2570000000000001
2018-01-26,1.246
2018-01-25,1.22475
2018-01-24,1.2542499999999999
2018-01-23,1.24725
2018-01-22,1.2355
2018-01-19,1.219
2018-01-18,1.2195
2018-01-17,1.2097499999999999
2018-01-16,1.181
2018-01-12,1.17375
2018-01-11,1.17075
2018-01-10,1.16875
2018-01-09,1.17675
2018-01-08,1.17225
2018-01-05,1.1925
2018-01-04,1.2225
2018-01-03,1.2295
2018-01-02,1.2335
2017-12-29,1.23
2017-12-28,1.2455
2017-12-27,1.22025
2017-12-26,1.215
2017-12-22,1.19825
2017-12-21,1.19625
2017-12-20,1.194
2017-12-19,1.2
2017-12-18,1.1997499999999999
2017-12-15,1.189
2017-12-14,1.16275
2017-12-13,1.1565
2017-12-12,1.1615
2017-12-11,1.15175
2017-12-08,1.15575
2017-12-07,1.15625
2017-12-06,1.159
2017-12-05,1.16425
2017-12-04,1.16375
2017-12-01,1.17225
2017-11-30,1.199
2017-11-29,1.20475
2017-11-28,1.1965000000000001
2017-11-27,1.19825
2017-11-24,1.18575
2017-11-22,1.1905
2017-11-21,1.1797499999999999
2017-11-20,1.171
2017-11-17,1.1885
2017-11-16,1.1955
2017-11-15,1.202
2017-11-14,1.195
2017-11-13,1.20575
2017-11-10,1.20575
2017-11-09,1.22475
2017-11-08,1.22925
2017-11-07,1.24625
2017-11-06,1.25325
2017-11-03,1.273
2017-11-02,1.24325
2017-11-01,1.266
2017-10-31,1.205
2017-10-30,1.19575
2017-10-27,1.15375
2017-10-26,1.1415
2017-10-25,1.13025
2017-10-24,1.13625
2017-10-23,1.11525
2017-10-20,1.11675
2017-10-19,1.112
2017-10-18,1.11475
2017-10-17,1.11175
2017-10-16,1.1172499999999999
2017-10-13,1.12825
2017-10-12,1.1235
2017-10-11,1.13775
2017-10-10,1.137
2017-10-09,1.11425
2017-10-06,1.11025
2017-10-05,1.1015000000000001
2017-10-04,1.09075
2017-10-03,1.091
2017-10-02,1.07825
2017-09-29,1.091
2017-09-28,1.08975
2017-09-27,1.08575
2017-09-26,1.08275
2017-09-25,1.09225
2017-09-22,1.11575
2017-09-21,1.101
2017-09-20,1.1095
2017-09-19,1.07975
2017-09-18,1.07575
2017-09-15,1.0775
2017-09-14,1.06925
2017-09-13,1.0755
2017-09-12,1.06275
2017-09-11,1.072
2017-09-08,1.07325
2017-09-07,1.06225
2017-09-06,1.047
2017-09-05,1.04425
2017-09-01,1.0515
2017-08-31,1.04525
2017-08-30,1.0554999999999999
2017-08-29,1.0525
2017-08-28,1.062
2017-08-25,1.0595
2017-08-24,1.0595
2017-08-23,1.0565
2017-08-22,1.06725
2017-08-21,1.06
2017-08-18,1.06375
2017-08-17,1.07125
2017-08-16,1.09475
2017-08-15,1.1005
2017-08-14,1.0905
2017-08-11,1.0972499999999998
2017-08-10,1.0885
2017-08-09,1.1
2017-08-08,1.12475
2017-08-07,1.1275
2017-08-04,1.1545
2017-08-03,1.15225
2017-08-02,1.14525
2017-08-01,1.128
2017-07-31,1.12
2017-07-28,1.129
2017-07-27,1.143
2017-07-26,1.143
2017-07-25,1.13175
2017-07-24,1.13875
2017-07-21,1.16425
2017-07-20,1.15875
2017-07-19,1.17275
2017-07-18,1.15075
2017-07-17,1.1695
2017-07-14,1.178
2017-07-13,1.17425
2017-07-12,1.17875
2017-07-11,1.14875
2017-07-10,1.13825
2017-07-07,1.14775
2017-07-06,1.1495
2017-07-05,1.1355
2017-07-03,1.1575
2017-06-30,1.1909999999999998
2017-06-29,1.202
2017-06-28,1.2025
2017-06-27,1.196
2017-06-26,1.21475
2017-06-23,1.192
2017-06-22,1.18625
2017-06-21,1.195
2017-06-20,1.2035
2017-06-19,1.2
2017-06-16,1.217
2017-06-15,1.225
2017-06-14,1.245
2017-06-13,1.275
2017-06-12,1.2834999999999999
2017-06-09,1.3125
2017-06-08,1.31375
2017-06-07,1.3119999999999998
2017-06-06,1.3019999999999998
2017-06-05,1.321
2017-06-02,1.30825
2017-06-01,1.2742499999999999
2017-05-31,1.24425
2017-05-30,1.22975
2017-05-26,1.227
2017-05-25,1.23925
2017-05-24,1.22125
2017-05-23,1.23075
2017-05-22,1.23925
2017-05-19,1.2345
2017-05-18,1.22925
2017-05-17,1.2245
2017-05-16,1.219
2017-05-15,1.2245
2017-05-12,1.25175
2017-05-11,1.23925
2017-05-10,1.242
2017-05-09,1.24975
2017-05-08,1.2777500000000002
2017-05-05,1.2830000000000001
2017-05-04,1.3130000000000002
2017-05-03,1.3005000000000002
2017-05-02,1.2705
2017-05-01,1.24125
2017-04-28,1.38
2017-04-27,1.3559999999999999
2017-04-26,1.3202500000000001
2017-04-25,1.29825
2017-04-24,1.29
2017-04-21,1.298
2017-04-20,1.29625
2017-04-19,1.27925
2017-04-18,1.2677500000000002
2017-04-17,1.2642499999999999
2017-04-13,1.25375
2017-04-12,1.242
2017-04-11,1.2325
2017-04-10,1.2109999999999999
2017-04-07,1.2005
2017-04-06,1.188
2017-04-05,1.18275
2017-04-04,1.18225
2017-04-03,1.19425
2017-03-31,1.1995
2017-03-30,1.2
2017-03-29,1.2135
2017-03-28,1.20775
2017-03-27,1.21075
2017-03-24,1.2209999999999999
2017-03-23,1.21775
2017-03-22,1.2245
2017-03-21,1.199
2017-03-20,1.189
2017-03-17,1.19325
2017-03-16,1.192
2017-03-15,1.177
2017-03-14,1.1632500000000001
2017-03-13,1.1775
2017-03-10,1.176
2017-03-09,1.165
2017-03-08,1.1597499999999998
2017-03-07,1.1535
2017-03-06,1.1555
2017-03-03,1.1597499999999998
2017-03-02,1.1615
2017-03-01,1.17575
2017-02-28,1.266
2017-02-27,1.25375
2017-02-24,1.2375
2017-02-23,1.23075
2017-02-22,1.213
2017-02-21,1.1909999999999998
2017-02-17,1.17925
2017-02-16,1.1652500000000001
2017-02-15,1.16775
2017-02-14,1.17375
2017-02-13,1.15925
2017-02-10,1.1640000000000001
2017-02-09,1.1765
2017-02-08,1.16775
2017-02-07,1.17675
2017-02-06,1.16425
2017-02-03,1.169
2017-02-02,1.16875
2017-02-01,1.15575
2017-01-31,1.156
2017-01-30,1.16175
2017-01-27,1.1832500000000001
2017-01-26,1.187
2017-01-25,1.19875
2017-01-24,1.19675
2017-01-23,1.2025
2017-01-20,1.2025
2017-01-19,1.21025
2017-01-18,1.20275
2017-01-17,1.19575
2017-01-13,1.1852500000000001
2017-01-12,1.17475
2017-01-11,1.19125
2017-01-10,1.1952500000000001
2017-01-09,1.1652500000000001
2017-01-06,1.14825
2017-01-05,1.15075
2017-01-04,1.15675
2017-01-03,1.14875
2016-12-30,1.19
2016-12-29,1.187
2016-12-28,1.1597499999999998
2016-12-27,1.1495
2016-12-23,1.14575
2016-12-22,1.14
2016-12-21,1.1327500000000001
2016-12-20,1.121
2016-12-19,1.1195
2016-12-16,1.12325
2016-12-15,1.1072499999999998
2016-12-14,1.111
2016-12-13,1.11125
2016-12-12,1.1035
2016-12-09,1.08725
2016-12-08,1.0905
2016-12-07,1.09375
2016-12-06,1.0985
2016-12-05,1.07825
2016-12-02,1.08225
2016-12-01,1.10575
2016-11-30,1.1075
2016-11-29,1.08925
2016-11-28,1.093
2016-11-25,1.1075
2016-11-23,1.09675
2016-11-22,1.0935
2016-11-21,1.0902500000000002
2016-11-18,1.08325
2016-11-17,1.08225
2016-11-16,1.082
2016-11-15,1.0547499999999999
2016-11-14,1.05575
2016-11-11,1.056
2016-11-10,1.045
2016-11-09,1.0347499999999998
2016-11-08,1.026
2016-11-07,1.0165
2016-11-04,1.02725
2016-11-03,1.04075
2016-11-02,1.05375
2016-11-01,1.05525
2016-10-31,1.031
2016-10-28,1.042
2016-10-27,1.04125
2016-10-26,1.0305
2016-10-25,1.02725
2016-10-24,1.03125
2016-10-21,1.0115
2016-10-20,0.9902500000000001
2016-10-19,0.96025
2016-10-18,0.9775
2016-10-17,0.97275
2016-10-14,0.9590000000000001
2016-10-13,0.9445
2016-10-12,0.9675
2016-10-11,0.975
2016-10-10,0.98875
2016-10-07,1.01875
2016-10-06,1.0242499999999999
2016-10-05,1.0285
2016-10-04,1.0190000000000001
2016-10-03,0.98925
2016-09-30,0.9890000000000001
2016-09-29,1.0190000000000001
2016-09-28,1.0347499999999998
2016-09-27,1.0382500000000001
2016-09-26,1.06825
2016-09-23,1.07275
2016-09-22,1.07075
2016-09-21,1.0855
2016-09-20,1.0767499999999999
2016-09-19,1.079
2016-09-16,1.07875
2016-09-15,1.0695000000000001
2016-09-14,1.058
2016-09-13,1.04675
2016-09-12,1.057
2016-09-09,1.044
2016-09-08,1.014
2016-09-07,1.0242499999999999
2016-09-06,1.00025
2016-09-05,1.0189
2016-09-02,1.016
2016-09-01,1.03575
2016-08-31,1.1195
2016-08-30,1.115
2016-08-29,1.1075
2016-08-26,1.1035
2016-08-25,1.12475
2016-08-24,1.1272499999999999
2016-08-23,1.1325
2016-08-22,1.13425
2016-08-19,1.1355
2016-08-18,1.13575
2016-08-17,1.1475
2016-08-16,1.155
2016-08-15,1.15925
2016-08-12,1.1632500000000001
2016-08-11,1.16025
2016-08-10,1.1684999999999999
2016-08-09,1.1697499999999998
2016-08-08,1.16925
2016-08-05,1.17675
2016-08-04,1.1632500000000001
2016-08-03,1.1675
2016-08-02,1.16225
2016-08-01,1.15925
2016-07-29,1.13075
2016-07-28,1.13325
2016-07-27,1.1395
2016-07-26,1.13875
2016-07-25,1.1295
2016-07-22,1.0995
2016-07-21,1.07525
2016-07-20,1.09425
2016-07-19,1.104
2016-07-18,1.1245
2016-07-15,1.10925
2016-07-14,1.1272499999999999
2016-07-13,1.1145
2016-07-12,1.089
2016-07-11,1.0935
2016-07-08,1.12225
2016-07-07,1.1179999999999999
2016-07-06,1.128
2016-07-05,1.1365
2016-07-01,1.12975
2016-06-30,1.2
2016-06-29,1.189
2016-06-28,1.17075
2016-06-27,1.15925
2016-06-24,1.147
2016-06-23,1.1675
2016-06-22,1.1535
2016-06-21,1.1505
2016-06-20,1.145
2016-06-17,1.16725
2016-06-16,1.17275
2016-06-15,1.17275
2016-06-14,1.1905
2016-06-13,1.1945000000000001
2016-06-10,1.2245
2016-06-09,1.232
2016-06-08,1.23025
2016-06-07,1.21225
2016-06-06,1.20775
2016-06-03,1.22
2016-06-02,1.21725
2016-06-01,1.21425
2016-05-31,1.2109999999999999
2016-05-27,1.197
2016-05-26,1.18925
2016-05-25,1.1815
2016-05-24,1.18
2016-05-23,1.1815
2016-05-20,1.2105
2016-05-19,1.2155
2016-05-18,1.23125
2016-05-17,1.23325
2016-05-16,1.23025
2016-05-13,1.23425
2016-05-12,1.2257500000000001
2016-05-11,1.22825
2016-05-10,1.23275
2016-05-09,1.2329999999999999
2016-05-06,1.20725
2016-05-05,1.19625
2016-05-04,1.1745
2016-05-03,1.16375
2016-05-02,1.158
2016-04-29,1.2309999999999999
2016-04-28,1.2285
2016-04-27,1.26
2016-04-26,1.268
2016-04-25,1.2555
2016-04-22,1.24725
2016-04-21,1.265
2016-04-20,1.263
2016-04-19,1.27325
2016-04-18,1.2847499999999998
2016-04-15,1.3147499999999999
2016-04-14,1.3175
2016-04-13,1.3217500000000002
2016-04-12,1.33525
2016-04-11,1.3407499999999999
2016-04-08,1.34375
2016-04-07,1.3242500000000001
2016-04-06,1.3207499999999999
2016-04-05,1.30675
2016-04-04,1.3319999999999999
2016-04-01,1.32975
2016-03-31,1.32925
2016-03-30,1.3235
2016-03-29,1.3485
2016-03-28,1.351
2016-03-24,1.3585
2016-03-23,1.3544999999999998
2016-03-22,1.3642500000000002
2016-03-21,1.3835
2016-03-18,1.39825
2016-03-17,1.4115
2016-03-16,1.4155000000000002
2016-03-15,1.40725
2016-03-14,1.393
2016-03-11,1.3980000000000001
2016-03-10,1.383
2016-03-09,1.36775
2016-03-08,1.37125
2016-03-07,1.3595
2016-03-04,1.3635
2016-03-03,1.3544999999999998
2016-03-02,1.3630000000000002
2016-03-01,1.371
2016-02-29,1.395
2016-02-26,1.3755000000000002
2016-02-25,1.37875
2016-02-24,1.36975
2016-02-23,1.3695
2016-02-22,1.3642500000000002
2016-02-19,1.35375
2016-02-18,1.3515000000000001
2016-02-17,1.341
2016-02-16,1.3295
2016-02-12,1.2994999999999999
2016-02-11,1.30125
2016-02-10,1.3247499999999999
2016-02-09,1.314
2016-02-08,1.3305
2016-02-05,1.3605
2016-02-04,1.37075
2016-02-03,1.3685
2016-02-02,1.3572499999999998
2016-02-01,1.3567500000000001
2016-01-29,1.3530000000000002
2016-01-28,1.3542500000000002
2016-01-27,1.3572499999999998
2016-01-26,1.3302500000000002
2016-01-25,1.3142500000000001
2016-01-22,1.3207499999999999
2016-01-21,1.3025
2016-01-20,1.2725
2016-01-19,1.2930000000000001
2016-01-15,1.2755
2016-01-14,1.3055
2016-01-13,1.321
2016-01-12,1.3159999999999998
2016-01-11,1.32225
2016-01-08,1.32875
2016-01-07,1.33525
2016-01-06,1.36525
2016-01-05,1.36775
2016-01-04,1.3642500000000002
2015-12-31,1.358
2015-12-30,1.33
2015-12-29,1.3019999999999998
2015-12-28,1.3085
2015-12-24,1.311
2015-12-23,1.286
2015-12-22,1.256
2015-12-21,1.234
2015-12-18,1.2015
2015-12-17,1.1715
2015-12-16,1.1997499999999999
2015-12-15,1.203
2015-12-14,1.1952500000000001
2015-12-11,1.2145000000000001
2015-12-10,1.2155
2015-12-09,1.1985
2015-12-08,1.2225
2015-12-07,1.21625
2015-12-04,1.24275
2015-12-03,1.2570000000000001
2015-12-02,1.291
2015-12-01,1.321
2015-11-30,1.3005000000000002
2015-11-27,1.31825
2015-11-25,1.3094999999999999
2015-11-24,1.3025
2015-11-23,1.3217500000000002
2015-11-20,1.297
2015-11-19,1.2990000000000002
2015-11-18,1.30975
2015-11-17,1.28025
2015-11-16,1.27675
2015-11-13,1.30675
2015-11-12,1.3315000000000001
2015-11-11,1.3132499999999998
2015-11-10,1.2832499999999998
2015-11-09,1.31925
2015-11-06,1.34925
2015-11-05,1.344
2015-11-04,1.37225
2015-11-03,1.40225
2015-11-02,1.4167500000000002
2015-10-30,1.3925
2015-10-29,1.40125
2015-10-28,1.3967500000000002
2015-10-27,1.3667500000000001
2015-10-26,1.3955000000000002
2015-10-23,1.41025
2015-10-22,1.4042500000000002
2015-10-21,1.39975
2015-10-20,1.4025
2015-10-19,1.3827500000000001
2015-10-16,1.3595
2015-10-15,1.3295
2015-10-14,1.3375
2015-10-13,1.3242500000000001
2015-10-12,1.31925
2015-10-09,1.30775
2015-10-08,1.3117500000000002
2015-10-07,1.2934999999999999
2015-10-06,1.25125
2015-10-05,1.22125
2015-10-02,1.23075
2015-10-01,1.214
2015-09-30,1.24675
2015-09-29,1.2917500000000002
2015-09-28,1.3217500000000002
2015-09-25,1.337
2015-09-24,1.307
2015-09-23,1.33225
2015-09-22,1.36225
2015-09-21,1.37
2015-09-18,1.36
2015-09-17,1.3685
2015-09-16,1.376
2015-09-15,1.406
2015-09-14,1.41475
2015-09-11,1.406
2015-09-10,1.4295
2015-09-09,1.4297499999999999
2015-09-08,1.43475
2015-09-04,1.40475
2015-09-03,1.416
2015-09-02,1.41225
2015-09-01,1.41325
2015-08-31,1.455
2015-08-28,1.4652500000000002
2015-08-27,1.4465000000000001
2015-08-26,1.42425
2015-08-25,1.4367500000000002
2015-08-24,1.4385
2015-08-21,1.45425
2015-08-20,1.46475
2015-08-19,1.4525
2015-08-18,1.472
2015-08-17,1.479
2015-08-14,1.4845
2015-08-13,1.4885
2015-08-12,1.4869999999999999
2015-08-11,1.5017500000000001
2015-08-10,1.5025
2015-08-07,1.49575
2015-08-06,1.49725
2015-08-05,1.48675
2015-08-04,1.4822499999999998
2015-08-03,1.48
2015-07-31,1.4569999999999999
2015-07-30,1.45225
2015-07-29,1.4492500000000001
2015-07-28,1.4505000000000001
2015-07-27,1.43025
2015-07-24,1.43025
2015-07-23,1.4335
2015-07-22,1.445
2015-07-21,1.4515
2015-07-20,1.4675
2015-07-17,1.4665000000000001
2015-07-16,1.465
2015-07-15,1.47025
2015-07-14,1.4715
2015-07-13,1.466
2015-07-10,1.47475
2015-07-09,1.48475
2015-07-08,1.49
2015-07-07,1.5107499999999998
2015-07-06,1.505
2015-07-03,1.51262
2015-07-02,1.5122499999999999
2015-07-01,1.5107499999999998
2015-06-30,1.4785
2015-06-29,1.49675
2015-06-26,1.484
2015-06-25,1.485
2015-06-24,1.50675
2015-06-23,1.52
2015-06-22,1.5245
2015-06-19,1.5190000000000001
2015-06-18,1.50425
2015-06-17,1.5194999999999999
2015-06-16,1.5205000000000002
2015-06-15,1.5217500000000002
2015-06-12,1.5245
2015-06-11,1.55225
2015-06-10,1.558
2015-06-09,1.5507499999999999
2015-06-08,1.5347499999999998
2015-06-05,1.5282499999999999
2015-06-04,1.53225
2015-06-03,1.525
2015-06-02,1.5330000000000001
2015-06-01,1.5315
2015-05-29,1.52325
2015-05-28,1.535
2015-05-27,1.52475
2015-05-26,1.518
2015-05-22,1.52125
2015-05-21,1.52375
2015-05-20,1.5134999999999998
2015-05-19,1.51975
2015-05-18,1.51575
2015-05-15,1.52525
2015-05-14,1.538
2015-05-13,1.51975
2015-05-12,1.51475
2015-05-11,1.5025
2015-05-08,1.515
2015-05-07,1.49375
2015-05-06,1.5022499999999999
2015-05-05,1.5145
2015-05-04,1.50725
2015-05-01,1.4917500000000001
2015-04-30,1.595
2015-04-29,1.608
2015-04-28,1.61
2015-04-27,1.60475
2015-04-24,1.61175
2015-04-23,1.5930000000000002
2015-04-22,1.5630000000000002
2015-04-21,1.5630000000000002
2015-04-20,1.5534999999999999
2015-04-17,1.578
2015-04-16,1.608
2015-04-15,1.6072499999999998
2015-04-14,1.5959999999999999
2015-04-13,1.58825
2015-04-10,1.588
2015-04-09,1.618
2015-04-08,1.6155000000000002
2015-04-07,1.63
2015-04-06,1.6244999999999998
2015-04-03,1.63025
2015-04-02,1.63025
2015-04-01,1.618
2015-03-31,1.6132499999999999
2015-03-30,1.625
2015-03-27,1.62625
2015-03-26,1.6167500000000001
2015-03-25,1.6172499999999999
2015-03-24,1.62
2015-03-23,1.6135
2015-03-20,1.5835
2015-03-19,1.58
2015-03-18,1.56575
2015-03-17,1.53575
2015-03-16,1.5319999999999998
2015-03-13,1.54275
2015-03-12,1.558
2015-03-11,1.556
2015-03-10,1.5475
2015-03-09,1.54
2015-03-06,1.5465
2015-03-05,1.53275
2015-03-04,1.5405000000000002
2015-03-03,1.5105000000000002
2015-03-02,1.5345
2015-02-27,1.58
2015-02-26,1.61125
2015-02-25,1.5835
2015-02-24,1.5665
2015-02-23,1.5602500000000001
2015-02-20,1.567
2015-02-19,1.58925
2015-02-18,1.5917500000000002
2015-02-17,1.5859999999999999
2015-02-13,1.6
2015-02-12,1.591
2015-02-11,1.5859999999999999
2015-02-10,1.591
2015-02-09,1.5844999999999998
2015-02-06,1.5607499999999999
2015-02-05,1.5342500000000001
2015-02-04,1.53
2015-02-03,1.5375
2015-02-02,1.5319999999999998
2015-01-30,1.5485
2015-01-29,1.53525
2015-01-28,1.5394999999999999
2015-01-27,1.5282499999999999
2015-01-26,1.4982499999999999
2015-01-23,1.5034999999999998
2015-01-22,1.5334999999999999
2015-01-21,1.537
2015-01-20,1.5305000000000002
2015-01-16,1.5445
2015-01-15,1.5419999999999998
2015-01-14,1.5575
2015-01-13,1.5744999999999998
2015-01-12,1.6044999999999998
2015-01-09,1.6059999999999999
2015-01-08,1.636
2015-01-07,1.659
2015-01-06,1.66025
2015-01-05,1.66225
2015-01-02,1.6567500000000002
2014-12-31,1.6569999999999998
2014-12-30,1.65875
2014-12-29,1.665
2014-12-26,1.6475
2014-12-24,1.625
2014-12-23,1.6185
2014-12-22,1.6185
2014-12-19,1.6075
2014-12-18,1.587
2014-12-17,1.5642500000000001
2014-12-16,1.58975
2014-12-15,1.61975
2014-12-12,1.6205
2014-12-11,1.624
2014-12-10,1.62475
2014-12-09,1.624
2014-12-08,1.6144999999999998
2014-12-05,1.6444999999999999
2014-12-04,1.6644999999999999
2014-12-03,1.6684999999999999
2014-12-02,1.68625
2014-12-01,1.6994999999999998
2014-11-28,1.68875
2014-11-27,1.69075
2014-11-26,1.6925
2014-11-25,1.7015
2014-11-24,1.695
2014-11-21,1.709
2014-11-20,1.7025
2014-11-19,1.7082499999999998
2014-11-18,1.7082499999999998
2014-11-17,1.71
2014-11-14,1.702
2014-11-13,1.6965000000000001
2014-11-12,1.6775
2014-11-11,1.6725
2014-11-10,1.67125
2014-11-07,1.6680000000000001
2014-11-06,1.6535
2014-11-05,1.652
2014-11-04,1.6665
2014-11-03,1.6705
2014-10-31,1.695
2014-10-30,1.705
2014-10-29,1.69
2014-10-28,1.692
2014-10-27,1.6955
2014-10-24,1.6825
2014-10-23,1.6905000000000001
2014-10-22,1.6805
2014-10-21,1.6655000000000002
2014-10-20,1.679
2014-10-17,1.6505
2014-10-16,1.6525
2014-10-15,1.6295
2014-10-14,1.6435
2014-10-13,1.665
2014-10-10,1.649
2014-10-09,1.64
2014-10-08,1.661
2014-10-07,1.65775
2014-10-06,1.6305
2014-10-03,1.624
2014-10-02,1.6284999999999998
2014-10-01,1.62475
2014-09-30,1.6044999999999998
2014-09-29,1.6095
2014-09-26,1.5844999999999998
2014-09-25,1.5545
2014-09-24,1.5532499999999998
2014-09-23,1.5545
2014-09-22,1.555
2014-09-19,1.55625
2014-09-18,1.556
2014-09-17,1.5702500000000001
2014-09-16,1.5619999999999998
2014-09-15,1.5635
2014-09-12,1.56275
2014-09-11,1.57375
2014-09-10,1.597
2014-09-09,1.5967500000000001
2014-09-08,1.58525
2014-09-05,1.5975
2014-09-04,1.5705
2014-09-03,1.5542500000000001
2014-09-02,1.52425
2014-08-29,1.5590000000000002
2014-08-28,1.5465
2014-08-27,1.5319999999999998
2014-08-26,1.5355
2014-08-25,1.5275
2014-08-22,1.5185
2014-08-21,1.4965000000000002
2014-08-20,1.4925
2014-08-19,1.505
2014-08-18,1.516
2014-08-15,1.506
2014-08-14,1.5
2014-08-13,1.4822499999999998
2014-08-12,1.49625
2014-08-11,1.52625
2014-08-08,1.5255
2014-08-07,1.5555
2014-08-06,1.5855000000000001
2014-08-05,1.5844999999999998
2014-08-04,1.58225
2014-08-01,1.5730000000000002
2014-07-31,1.57925
2014-07-30,1.5985
2014-07-29,1.58775
2014-07-28,1.5905
2014-07-25,1.591
2014-07-24,1.5655000000000001
2014-07-23,1.5605000000000002
2014-07-22,1.5594999999999999
2014-07-21,1.5294999999999999
2014-07-18,1.51625
2014-07-17,1.5065
2014-07-16,1.47675
2014-07-15,1.48575
2014-07-14,1.4780000000000002
2014-07-11,1.49125
2014-07-10,1.4815
2014-07-09,1.508
2014-07-08,1.53525
2014-07-07,1.5494999999999999
2014-07-03,1.55
2014-07-02,1.52325
2014-07-01,1.515
2014-06-30,1.53
2014-06-27,1.5225
2014-06-26,1.5375
2014-06-25,1.5194999999999999
2014-06-24,1.5115
2014-06-23,1.4815
2014-06-20,1.4755
2014-06-19,1.48
2014-06-18,1.459
2014-06-17,1.465
2014-06-16,1.4745
2014-06-13,1.476
2014-06-12,1.46
2014-06-11,1.43025
2014-06-10,1.435
2014-06-09,1.4282499999999998
2014-06-06,1.40125
2014-06-05,1.395
2014-06-04,1.38
2014-06-03,1.3835
2014-06-02,1.3769999999999998
2014-05-30,1.3780000000000001
2014-05-29,1.38025
2014-05-28,1.3615000000000002
2014-05-27,1.3559999999999999
2014-05-23,1.3630000000000002
2014-05-22,1.376
2014-05-21,1.3827500000000001
2014-05-20,1.3875
2014-05-19,1.3940000000000001
2014-05-16,1.379
2014-05-15,1.374
2014-05-14,1.3744999999999998
2014-05-13,1.37
2014-05-12,1.3765
2014-05-09,1.3805
2014-05-08,1.37925
2014-05-07,1.3757499999999998
2014-05-06,1.383
2014-05-05,1.37525
2014-05-02,1.3805
2014-05-01,1.3925
2014-04-30,1.4582499999999998
2014-04-29,1.455
2014-04-28,1.454
2014-04-25,1.45
2014-04-24,1.4425
2014-04-23,1.4392500000000001
2014-04-22,1.4369999999999998
2014-04-21,1.4344999999999999
2014-04-17,1.442
2014-04-16,1.4575
2014-04-15,1.45275
2014-04-14,1.4535
2014-04-11,1.4485
2014-04-10,1.44
2014-04-09,1.4375
2014-04-08,1.43325
2014-04-07,1.43025
2014-04-04,1.4305
2014-04-03,1.4515
2014-04-02,1.446
2014-04-01,1.4475
2014-03-31,1.4585
2014-03-28,1.465
2014-03-27,1.46475
2014-03-26,1.4580000000000002
2014-03-25,1.44375
2014-03-24,1.4415
2014-03-21,1.44
2014-03-20,1.44425
2014-03-19,1.46125
2014-03-18,1.4569999999999999
2014-03-17,1.45025
2014-03-14,1.4525
2014-03-13,1.43625
2014-03-12,1.43875
2014-03-11,1.43225
2014-03-10,1.4315
2014-03-07,1.4325
2014-03-06,1.4315
2014-03-05,1.4367500000000002
2014-03-04,1.45625
2014-03-03,1.44125
2014-02-28,1.5194999999999999
2014-02-27,1.5005000000000002
2014-02-26,1.4865000000000002
2014-02-25,1.4645
2014-02-24,1.4515
2014-02-21,1.4455
2014-02-20,1.446
2014-02-19,1.43875
2014-02-18,1.4375
2014-02-14,1.426
2014-02-13,1.4315
2014-02-12,1.421
2014-02-11,1.4280000000000002
2014-02-10,1.415
2014-02-07,1.412
2014-02-06,1.3955000000000002
2014-02-05,1.3969999999999998
2014-02-04,1.396
2014-02-03,1.40375
2014-01-31,1.4167500000000002
2014-01-30,1.4215
2014-01-29,1.42075
2014-01-28,1.4255000000000002
2014-01-27,1.4315
2014-01-24,1.4340000000000002
2014-01-23,1.4392500000000001
2014-01-22,1.4367500000000002
2014-01-21,1.4155000000000002
2014-01-17,1.4035
2014-01-16,1.4015
2014-01-15,1.3942500000000002
2014-01-14,1.3765
2014-01-13,1.3659999999999999
2014-01-10,1.367
2014-01-09,1.3655000000000002
2014-01-08,1.36525
2014-01-07,1.36525
2014-01-06,1.36825
2014-01-03,1.3630000000000002
2014-01-02,1.35625
2014-01-01,1.3468799999999999
2013-12-31,1.345
2013-12-30,1.344
2013-12-27,1.3385
2013-12-26,1.327
2013-12-24,1.3235
2013-12-23,1.327
2013-12-20,1.32525
2013-12-19,1.318
2013-12-18,1.3094999999999999
2013-12-17,1.3175
2013-12-16,1.32
2013-12-13,1.31875
2013-12-12,1.3225
2013-12-11,1.319
2013-12-10,1.31675
2013-12-09,1.3159999999999998
2013-12-06,1.3142500000000001
2013-12-05,1.3165
2013-12-04,1.32725
2013-12-03,1.32525
2013-12-02,1.3325
2013-11-29,1.3347499999999999
2013-11-27,1.331
2013-11-26,1.3195
2013-11-25,1.3107499999999999
2013-11-22,1.3147499999999999
2013-11-21,1.3144999999999998
2013-11-20,1.3105000000000002
2013-11-19,1.3094999999999999
2013-11-18,1.319
2013-11-15,1.334
2013-11-14,1.32975
2013-11-13,1.3275
2013-11-12,1.32675
2013-11-11,1.3275
2013-11-08,1.324
2013-11-07,1.31675
2013-11-06,1.3202500000000001
2013-11-05,1.3205
2013-11-04,1.321
2013-11-01,1.3207499999999999
2013-10-31,1.345
2013-10-30,1.3335
2013-10-29,1.334
2013-10-28,1.3315000000000001
2013-10-25,1.32575
2013-10-24,1.328
2013-10-23,1.318
2013-10-22,1.311
2013-10-21,1.30125
2013-10-18,1.29875
2013-10-17,1.2915
2013-10-16,1.2930000000000001
2013-10-15,1.285
2013-10-14,1.2945
2013-10-11,1.288
2013-10-10,1.2830000000000001
2013-10-09,1.28
2013-10-08,1.28275
2013-10-07,1.27875
2013-10-04,1.2805000000000002
2013-10-03,1.2742499999999999
2013-10-02,1.273
2013-10-01,1.2725
2013-09-30,1.2785
2013-09-27,1.2825
2013-09-26,1.2770000000000001
2013-09-25,1.2755
2013-09-24,1.27325
2013-09-23,1.266
2013-09-20,1.2595
2013-09-19,1.25925
2013-09-18,1.25275
2013-09-17,1.25175
2013-09-16,1.2555
2013-09-13,1.2525
2013-09-12,1.24825
2013-09-11,1.2505
2013-09-10,1.25025
2013-09-09,1.2534999999999998
2013-09-06,1.25675
2013-09-05,1.2522499999999999
2013-09-04,1.26
2013-09-03,1.262
2013-08-30,1.227
2013-08-29,1.2355
2013-08-28,1.2329999999999999
2013-08-27,1.2295
2013-08-26,1.234
2013-08-23,1.2309999999999999
2013-08-22,1.2335
2013-08-21,1.2415
2013-08-20,1.2385
2013-08-19,1.2365000000000002
2013-08-16,1.239
2013-08-15,1.237
2013-08-14,1.24
2013-08-13,1.239
2013-08-12,1.236
2013-08-09,1.225
2013-08-08,1.22675
2013-08-07,1.21225
2013-08-06,1.20925
2013-08-05,1.2055
2013-08-02,1.2065000000000001
2013-08-01,1.208
2013-07-31,1.2145000000000001
2013-07-30,1.2165000000000001
2013-07-29,1.2209999999999999
2013-07-26,1.218
2013-07-25,1.2165000000000001
2013-07-24,1.21575
2013-07-23,1.219
2013-07-22,1.21875
2013-07-19,1.21975
2013-07-18,1.2209999999999999
2013-07-17,1.213
2013-07-16,1.22125
2013-07-15,1.2245
2013-07-12,1.2185
2013-07-11,1.21925
2013-07-10,1.22075
2013-07-09,1.22725
2013-07-08,1.22075
2013-07-05,1.2195
2013-07-04,1.2205
2013-07-03,1.2195
2013-07-02,1.219
2013-07-01,1.22175
2013-06-28,1.1815
2013-06-27,1.2115
2013-06-26,1.21275
2013-06-25,1.2115
2013-06-24,1.2095
2013-06-21,1.2125
2013-06-20,1.1995
2013-06-19,1.20475
2013-06-18,1.195
2013-06-17,1.19825
2013-06-14,1.19
2013-06-13,1.1985
2013-06-12,1.2015
2013-06-11,1.20325
2013-06-10,1.192
2013-06-07,1.20125
2013-06-06,1.2045000000000001
2013-06-05,1.2025
2013-06-04,1.2095
2013-06-03,1.20725
2013-05-31,1.213
2013-05-30,1.2035
2013-05-29,1.21375
2013-05-28,1.2075
2013-05-24,1.20575
2013-05-23,1.19125
2013-05-22,1.2
2013-05-21,1.2109999999999999
2013-05-20,1.20125
2013-05-17,1.194
2013-05-16,1.199
2013-05-15,1.2
2013-05-14,1.20775
2013-05-13,1.20575
2013-05-10,1.2045000000000001
2013-05-09,1.2055
2013-05-08,1.202
2013-05-07,1.20825
2013-05-06,1.213
2013-05-03,1.21825
2013-05-02,1.2365000000000002
2013-05-01,1.22475
2013-04-30,1.284
2013-04-29,1.2770000000000001
2013-04-26,1.2785
2013-04-25,1.276
2013-04-24,1.26925
2013-04-23,1.262
2013-04-22,1.25975
2013-04-19,1.2634999999999998
2013-04-18,1.262
2013-04-17,1.26875
2013-04-16,1.25375
2013-04-15,1.2505
2013-04-12,1.2585
2013-04-11,1.25575
2013-04-10,1.25275
2013-04-09,1.26725
2013-04-08,1.26275
2013-04-05,1.26025
2013-04-04,1.2725
2013-04-03,1.27975
2013-04-02,1.2742499999999999
2013-04-01,1.2875
2013-03-28,1.2890000000000001
2013-03-27,1.2734999999999999
2013-03-26,1.2595
2013-03-25,1.2645
2013-03-22,1.262
2013-03-21,1.2642499999999999
2013-03-20,1.2605
2013-03-19,1.253
2013-03-18,1.2605
2013-03-15,1.2577500000000001
2013-03-14,1.2805000000000002
2013-03-13,1.2855
2013-03-12,1.287
2013-03-11,1.28125
2013-03-08,1.2755
2013-03-07,1.2830000000000001
2013-03-06,1.288
2013-03-05,1.29625
2013-03-04,1.3034999999999999
2013-03-01,1.2994999999999999
2013-02-28,1.28
2013-02-27,1.2855
2013-02-26,1.27275
2013-02-25,1.2695
2013-02-22,1.2634999999999998
2013-02-21,1.253
2013-02-20,1.251
2013-02-19,1.264
2013-02-15,1.265
2013-02-14,1.2590000000000001
2013-02-13,1.255
2013-02-12,1.2605
2013-02-11,1.26875
2013-02-08,1.2645
2013-02-07,1.2755
2013-02-06,1.2725
2013-02-05,1.276
2013-02-04,1.27075
2013-02-01,1.271
2013-01-31,1.27625
2013-01-30,1.28
2013-01-29,1.28275
2013-01-28,1.2894999999999999
2013-01-25,1.263
2013-01-24,1.25875
2013-01-23,1.2577500000000001
2013-01-22,1.25725
2013-01-18,1.2495
2013-01-17,1.266
2013-01-16,1.28525
2013-01-15,1.3042500000000001
2013-01-14,1.3034999999999999
2013-01-11,1.306
2013-01-10,1.3155000000000001
2013-01-09,1.3155000000000001
2013-01-08,1.3255000000000001
2013-01-07,1.33
2013-01-04,1.3295
2013-01-03,1.3385
2013-01-02,1.32375
2012-12-31,1.2990000000000002
2012-12-28,1.294
2012-12-27,1.2885
2012-12-26,1.2934999999999999
2012-12-24,1.2917500000000002
2012-12-21,1.29275
2012-12-20,1.2894999999999999
2012-12-19,1.2947499999999998
2012-12-18,1.28225
2012-12-17,1.29
2012-12-14,1.2690000000000001
2012-12-13,1.262
2012-12-12,1.2634999999999998
2012-12-11,1.2655
2012-12-10,1.256
2012-12-07,1.25875
2012-12-06,1.26075
2012-12-05,1.2615
2012-12-04,1.26125
2012-12-03,1.27
2012-11-30,1.26725
2012-11-29,1.2819999999999998
2012-11-28,1.27825
2012-11-27,1.28375
2012-11-26,1.284
2012-11-23,1.2894999999999999
2012-11-21,1.2807499999999998
2012-11-20,1.2705
2012-11-19,1.266
2012-11-16,1.2615
2012-11-15,1.256
2012-11-14,1.2542499999999999
2012-11-13,1.258
2012-11-12,1.2534999999999998
2012-11-09,1.2575
2012-11-08,1.2542499999999999
2012-11-07,1.2495
2012-11-06,1.25675
2012-11-05,1.25275
2012-11-02,1.2542499999999999
2012-11-01,1.25325
2012-10-31,1.2675
2012-10-30,1.2590000000000001
2012-10-29,1.25375
2012-10-26,1.255
2012-10-25,1.2575
2012-10-24,1.262
2012-10-23,1.26
2012-10-22,1.264
2012-10-19,1.263
2012-10-18,1.2622499999999999
2012-10-17,1.26125
2012-10-16,1.2555
2012-10-15,1.2415
2012-10-12,1.239
2012-10-11,1.246
2012-10-10,1.24925
2012-10-09,1.247
2012-10-08,1.2335
2012-10-05,1.2305
2012-10-04,1.22325
2012-10-03,1.23075
2012-10-02,1.23275
2012-10-01,1.23025
2012-09-28,1.22075
2012-09-27,1.2245
2012-09-26,1.2222499999999998
2012-09-25,1.227
2012-09-24,1.253
2012-09-21,1.25525
2012-09-20,1.2575
2012-09-19,1.2634999999999998
2012-09-18,1.264
2012-09-17,1.255
2012-09-14,1.2705
2012-09-13,1.2755
2012-09-12,1.2770000000000001
2012-09-11,1.271
2012-09-10,1.2575
2012-09-07,1.26475
2012-09-06,1.2605
2012-09-05,1.26325
2012-09-04,1.26175
2012-08-31,1.18075
2012-08-30,1.1965000000000001
2012-08-29,1.194
2012-08-28,1.18825
2012-08-27,1.1840000000000002
2012-08-24,1.19875
2012-08-23,1.20325
2012-08-22,1.19925
2012-08-21,1.1965000000000001
2012-08-20,1.2135
2012-08-17,1.21075
2012-08-16,1.2085
2012-08-15,1.2205
2012-08-14,1.21925
2012-08-13,1.21825
2012-08-10,1.206
2012-08-09,1.21425
2012-08-08,1.2185
2012-08-07,1.2
2012-08-06,1.1997499999999999
2012-08-03,1.1997499999999999
2012-08-02,1.2
2012-08-01,1.19
2012-07-31,1.18875
2012-07-30,1.1965000000000001
2012-07-27,1.196
2012-07-26,1.18175
2012-07-25,1.1795
2012-07-24,1.188
2012-07-23,1.186
2012-07-20,1.1795
2012-07-19,1.1895
2012-07-18,1.18075
2012-07-17,1.15475
2012-07-16,1.168
2012-07-13,1.172
2012-07-12,1.17025
2012-07-11,1.18
2012-07-10,1.1840000000000002
2012-07-09,1.1905
2012-07-06,1.192
2012-07-05,1.1915
2012-07-03,1.19475
2012-07-02,1.19275
2012-06-29,1.1655
2012-06-28,1.165
2012-06-27,1.1640000000000001
2012-06-26,1.1525
2012-06-25,1.157
2012-06-22,1.169
2012-06-21,1.16
2012-06-20,1.166
2012-06-19,1.167
2012-06-18,1.172
2012-06-15,1.1615
2012-06-14,1.1635
2012-06-13,1.171
2012-06-12,1.1955
2012-06-11,1.195
2012-06-08,1.19875
2012-06-07,1.1935
2012-06-06,1.17675
2012-06-05,1.17125
2012-06-04,1.17675
2012-06-01,1.177
2012-05-31,1.171
2012-05-30,1.1645
2012-05-29,1.1784999999999999
2012-05-25,1.1765
2012-05-24,1.17875
2012-05-23,1.178
2012-05-22,1.1935
2012-05-21,1.188
2012-05-18,1.1952500000000001
2012-05-17,1.17925
2012-05-16,1.16875
2012-05-15,1.16425
2012-05-14,1.1615
2012-05-11,1.1515
2012-05-10,1.1584999999999999
2012-05-09,1.166
2012-05-08,1.15775
2012-05-07,1.16275
2012-05-04,1.15375
2012-05-03,1.15875
2012-05-02,1.12875
2012-05-01,1.13525
2012-04-30,1.1875
2012-04-27,1.1845
2012-04-26,1.18075
2012-04-25,1.185
2012-04-24,1.168
2012-04-23,1.198
2012-04-20,1.2055
2012-04-19,1.207
2012-04-18,1.20275
2012-04-17,1.216
2012-04-16,1.20725
2012-04-13,1.2052500000000002
2012-04-12,1.2125
2012-04-11,1.18375
2012-04-10,1.1775
2012-04-09,1.19375
2012-04-05,1.1832500000000001
2012-04-04,1.179
2012-04-03,1.198
2012-04-02,1.2085
2012-03-30,1.2045000000000001
2012-03-29,1.225
2012-03-28,1.2445
2012-03-27,1.256
2012-03-26,1.2455
2012-03-23,1.245
2012-03-22,1.2525
2012-03-21,1.2495
2012-03-20,1.24525
2012-03-19,1.25175
2012-03-16,1.253
2012-03-15,1.25575
2012-03-14,1.27025
2012-03-13,1.27725
2012-03-12,1.2675
2012-03-09,1.26025
2012-03-08,1.2665
2012-03-07,1.25575
2012-03-06,1.2577500000000001
2012-03-05,1.284
2012-03-02,1.2994999999999999
2012-03-01,1.3094999999999999
2012-02-29,1.2765
2012-02-28,1.2734999999999999
2012-02-27,1.2755
2012-02-24,1.2755
2012-02-23,1.273
2012-02-22,1.2934999999999999
2012-02-21,1.2890000000000001
2012-02-17,1.286
2012-02-16,1.2677500000000002
2012-02-15,1.265
2012-02-14,1.2665
2012-02-13,1.25525
2012-02-10,1.2395
2012-02-09,1.25175
2012-02-08,1.2577500000000001
2012-02-07,1.2534999999999998
2012-02-06,1.2375
2012-02-03,1.23625
2012-02-02,1.2515
2012-02-01,1.2570000000000001
2012-01-31,1.2485
2012-01-30,1.23925
2012-01-27,1.247
2012-01-26,1.2455
2012-01-25,1.2585
2012-01-24,1.258
2012-01-23,1.246
2012-01-20,1.2455
2012-01-19,1.242
2012-01-18,1.2322499999999998
2012-01-17,1.23525
2012-01-13,1.22475
2012-01-12,1.2125
2012-01-11,1.21325
2012-01-10,1.212
2012-01-09,1.1995
2012-01-06,1.20325
2012-01-05,1.2095
2012-01-04,1.21625
2012-01-03,1.2155
2012-01-02,1.2175
2011-12-30,1.229
2011-12-29,1.2257500000000001
2011-12-28,1.2309999999999999
2011-12-27,1.2325
2011-12-26,1.24262
2011-12-23,1.2429999999999999
2011-12-22,1.2315
2011-12-21,1.2025
2011-12-20,1.206
2011-12-19,1.2115
2011-12-16,1.1815
2011-12-15,1.1875
2011-12-14,1.18175
2011-12-13,1.179
2011-12-12,1.1845
2011-12-09,1.183
2011-12-08,1.19425
2011-12-07,1.1915
2011-12-06,1.1885
2011-12-05,1.189
2011-12-02,1.219
2011-12-01,1.219
2011-11-30,1.216
2011-11-29,1.20575
2011-11-28,1.2095
2011-11-25,1.2109999999999999
2011-11-23,1.214
2011-11-22,1.2145000000000001
2011-11-21,1.1997499999999999
2011-11-18,1.197
2011-11-17,1.21
2011-11-16,1.2205
2011-11-15,1.21725
2011-11-14,1.2009999999999998
2011-11-11,1.2055
2011-11-10,1.216
2011-11-09,1.226
2011-11-08,1.2275
2011-11-07,1.234
2011-11-04,1.245
2011-11-03,1.245
2011-11-02,1.22
2011-11-01,1.216
2011-10-31,1.198
2011-10-28,1.2095
2011-10-27,1.2075
2011-10-26,1.2105
2011-10-25,1.2209999999999999
2011-10-24,1.2295
2011-10-21,1.21925
2011-10-20,1.2145000000000001
2011-10-19,1.214
2011-10-18,1.20725
2011-10-17,1.2135
2011-10-14,1.2165000000000001
2011-10-13,1.2105
2011-10-12,1.20475
2011-10-11,1.21375
2011-10-10,1.20025
2011-10-07,1.21975
2011-10-06,1.2235
2011-10-05,1.228
2011-10-04,1.21025
2011-10-03,1.2309999999999999
2011-09-30,1.2215
2011-09-29,1.204
2011-09-28,1.204
2011-09-27,1.206
2011-09-26,1.19725
2011-09-23,1.16825
2011-09-22,1.1625
2011-09-21,1.1925
2011-09-20,1.187
2011-09-19,1.17625
2011-09-16,1.185
2011-09-15,1.189
2011-09-14,1.21
2011-09-13,1.196
2011-09-12,1.194
2011-09-09,1.1845
2011-09-08,1.18825
2011-09-07,1.1765
2011-09-06,1.1697499999999998
2011-09-05,1.14775
2011-09-02,1.148
2011-09-01,1.136
2011-08-31,1.13
2011-08-30,1.1425
2011-08-29,1.135
2011-08-26,1.143
2011-08-25,1.1384999999999998
2011-08-24,1.1325
2011-08-23,1.141
2011-08-22,1.1465
2011-08-19,1.143
2011-08-18,1.141
2011-08-17,1.1584999999999999
2011-08-16,1.179
2011-08-15,1.179
2011-08-12,1.179
2011-08-11,1.1645
2011-08-10,1.143
2011-08-09,1.1472499999999999
2011-08-08,1.141
2011-08-05,1.14125
2011-08-04,1.1265
2011-08-03,1.13125
2011-08-02,1.1255
2011-08-01,1.133
2011-07-29,1.12625
2011-07-28,1.11625
2011-07-27,1.1107500000000001
2011-07-26,1.117
2011-07-25,1.1065
2011-07-22,1.1055
2011-07-21,1.1
2011-07-20,1.0959999999999999
2011-07-19,1.105
2011-07-18,1.0985
2011-07-15,1.1059999999999999
2011-07-14,1.1055
2011-07-13,1.1340000000000001
2011-07-12,1.14025
2011-07-11,1.147
2011-07-08,1.1465
2011-07-07,1.1472499999999999
2011-07-06,1.1295
2011-07-05,1.1335
2011-07-04,1.1321299999999999
2011-07-01,1.1284999999999998
2011-06-30,1.1275
2011-06-29,1.1172499999999999
2011-06-28,1.1235
2011-06-27,1.115
2011-06-24,1.1305
2011-06-23,1.1225
2011-06-22,1.1127500000000001
2011-06-21,1.1320000000000001
2011-06-20,1.11825
2011-06-17,1.0975
2011-06-16,1.072
2011-06-15,1.042
2011-06-14,1.04275
2011-06-13,1.032
2011-06-10,1.02725
2011-06-09,1.04625
2011-06-08,1.04
2011-06-07,1.0347499999999998
2011-06-06,1.024
2011-06-03,1.04175
2011-06-02,1.026
2011-06-01,1.0215
2011-05-31,1.0375
2011-05-27,1.041
2011-05-26,1.0402500000000001
2011-05-25,1.0454999999999999
2011-05-24,1.02375
2011-05-23,1.0215
2011-05-20,1.04975
2011-05-19,1.0485
2011-05-18,1.0625
2011-05-17,1.0775
2011-05-16,1.08325
2011-05-13,1.09
2011-05-12,1.0985
2011-05-11,1.0905
2011-05-10,1.09175
2011-05-09,1.09
2011-05-06,1.0985
2011-05-05,1.0975
2011-05-04,1.1055
2011-05-03,1.1059999999999999
2011-05-02,1.1195
2011-04-29,1.1704999999999999
2011-04-28,1.1715
2011-04-27,1.17275
2011-04-26,1.16025
2011-04-25,1.16025
2011-04-22,1.15325
2011-04-21,1.1840000000000002
2011-04-20,1.19
2011-04-19,1.1925
2011-04-18,1.18175
2011-04-15,1.1740000000000002
2011-04-14,1.188
2011-04-13,1.18275
2011-04-12,1.17675
2011-04-11,1.19025
2011-04-08,1.18825
2011-04-07,1.199
2011-04-06,1.20875
2011-04-05,1.2175
2011-04-04,1.22375
2011-04-01,1.22075
2011-03-31,1.2155
2011-03-30,1.2055
2011-03-29,1.18375
2011-03-28,1.1795
2011-03-25,1.186
2011-03-24,1.15825
2011-03-23,1.141
2011-03-22,1.1427500000000002
2011-03-21,1.136
2011-03-18,1.1165
2011-03-17,1.1159999999999999
2011-03-16,1.105
2011-03-15,1.135
2011-03-14,1.165
2011-03-11,1.17125
2011-03-10,1.1765
2011-03-09,1.1752500000000001
2011-03-08,1.148
2011-03-07,1.136
2011-03-04,1.1405
2011-03-03,1.1420000000000001
2011-03-02,1.122
2011-03-01,1.114
2011-02-28,1.1025
2011-02-25,1.12025
2011-02-24,1.111
2011-02-23,1.10325
2011-02-22,1.101
2011-02-18,1.1105
2011-02-17,1.1027500000000001
2011-02-16,1.09
2011-02-15,1.0905
2011-02-14,1.092
2011-02-11,1.07775
2011-02-10,1.089
2011-02-09,1.07725
2011-02-08,1.0765
2011-02-07,1.07725
2011-02-04,1.0825
2011-02-03,1.082
2011-02-02,1.0775
2011-02-01,1.09
2011-01-31,1.0895000000000001
2011-01-28,1.075
2011-01-27,1.0695000000000001
2011-01-26,1.07225
2011-01-25,1.0625
2011-01-24,1.06775
2011-01-21,1.0795000000000001
2011-01-20,1.0865
2011-01-19,1.088
2011-01-18,1.092
2011-01-17,1.0935
2011-01-14,1.09375
2011-01-13,1.099
2011-01-12,1.102
2011-01-11,1.0845
2011-01-10,1.0695000000000001
2011-01-07,1.06375
2011-01-06,1.06725
2011-01-05,1.06625
2011-01-04,1.06175
2011-01-03,1.06975
2010-12-31,1.079
2010-12-30,1.07
2010-12-29,1.06325
2010-12-28,1.0545
2010-12-27,1.0490000000000002
2010-12-24,1.07625
2010-12-23,1.04
2010-12-22,1.04125
2010-12-21,1.0285
2010-12-20,1.0277500000000002
2010-12-17,1.02175
2010-12-16,1.012
2010-12-15,1.016
2010-12-14,1.01825
2010-12-13,1.0195
2010-12-10,1.0095
2010-12-09,1.018
2010-12-08,1.021
2010-12-07,1.02275
2010-12-06,1.03375
2010-12-03,1.03175
2010-12-02,1.03075
2010-12-01,1.03575
2010-11-30,1.03075
2010-11-29,1.02025
2010-11-26,1.0222499999999999
2010-11-24,1.01925
2010-11-23,1.0155
2010-11-22,1.00925
2010-11-19,1.0145
2010-11-18,1.008
2010-11-17,0.9934999999999999
2010-11-16,0.9845
2010-11-15,0.99225
2010-11-12,0.9840000000000001
2010-11-11,0.9904999999999999
2010-11-10,0.9940000000000001
2010-11-09,0.982
2010-11-08,0.9840000000000001
2010-11-05,0.9754999999999999
2010-11-04,0.9765
2010-11-03,0.977
2010-11-02,0.9825
2010-11-01,0.9815
2010-10-29,0.9884999999999999
2010-10-28,1.0070000000000001
2010-10-27,1.005
2010-10-26,1.0085
2010-10-25,1.014
2010-10-22,1.022
2010-10-21,1.01525
2010-10-20,1.01275
2010-10-19,0.99675
2010-10-18,0.99075
2010-10-15,0.9815
2010-10-14,0.96075
2010-10-13,0.9634999999999999
2010-10-12,0.96625
2010-10-11,0.9534999999999999
2010-10-08,0.9555
2010-10-07,0.95125
2010-10-06,0.9484999999999999
2010-10-05,0.9555
2010-10-04,0.951
2010-10-01,0.9595
2010-09-30,0.9670000000000001
2010-09-29,0.9622499999999999
2010-09-28,0.9715
2010-09-27,0.9725
2010-09-24,0.96025
2010-09-23,0.96125
2010-09-22,0.96175
2010-09-21,0.975
2010-09-20,0.9815
2010-09-17,0.9940000000000001
2010-09-16,0.987
2010-09-15,0.98125
2010-09-14,0.982
2010-09-13,0.9745
2010-09-10,0.9715
2010-09-09,0.9690000000000001
2010-09-08,0.9725
2010-09-07,0.9634999999999999
2010-09-06,0.9853700000000001
2010-09-03,0.9845
2010-09-02,0.9845
2010-09-01,0.9775
2010-08-31,0.9725
2010-08-30,0.9725
2010-08-27,0.9804999999999999
2010-08-26,0.98425
2010-08-25,0.986
2010-08-24,0.9947499999999999
2010-08-23,0.99725
2010-08-20,0.996
2010-08-19,0.99175
2010-08-18,0.972
2010-08-17,0.95625
2010-08-16,0.95125
2010-08-13,0.94325
2010-08-12,0.9420000000000001
2010-08-11,0.9395
2010-08-10,0.934
2010-08-09,0.9309999999999999
2010-08-06,0.9277500000000001
2010-08-05,0.929
2010-08-04,0.9315000000000001
2010-08-03,0.91875
2010-08-02,0.92175
2010-07-30,0.9265000000000001
2010-07-29,0.9185
2010-07-28,0.9277500000000001
2010-07-27,0.9265000000000001
2010-07-26,0.9265000000000001
2010-07-23,0.93425
2010-07-22,0.93325
2010-07-21,0.935
2010-07-20,0.93125
2010-07-19,0.93125
2010-07-16,0.9227500000000001
2010-07-15,0.924
2010-07-14,0.92325
2010-07-13,0.9095
2010-07-12,0.90075
2010-07-09,0.902
2010-07-08,0.909
2010-07-07,0.905
2010-07-06,0.898
2010-07-05,0.8956299999999999
2010-07-02,0.8947499999999999
2010-07-01,0.8995000000000001
2010-06-30,0.9125
2010-06-29,0.90675
2010-06-28,0.912
2010-06-25,0.9095
2010-06-24,0.9065000000000001
2010-06-23,0.9025
2010-06-22,0.903
2010-06-21,0.90125
2010-06-18,0.893
2010-06-17,0.8959999999999999
2010-06-16,0.9005
2010-06-15,0.9005
2010-06-14,0.89775
2010-06-11,0.895
2010-06-10,0.90075
2010-06-09,0.8965000000000001
2010-06-08,0.8995000000000001
2010-06-07,0.898
2010-06-04,0.9095
2010-06-03,0.9209999999999999
2010-06-02,0.9205
2010-06-01,0.9079999999999999
2010-05-31,0.89287
2010-05-28,0.9052500000000001
2010-05-27,0.9157500000000001
2010-05-26,0.9079999999999999
2010-05-25,0.9002500000000001
2010-05-24,0.91125
2010-05-21,0.91375
2010-05-20,0.9145
2010-05-19,0.92425
2010-05-18,0.9275
2010-05-17,0.925
2010-05-14,0.9325
2010-05-13,0.95575
2010-05-12,0.9570000000000001
2010-05-11,0.968
2010-05-10,0.9670000000000001
2010-05-07,0.9590000000000001
2010-05-06,0.9584999999999999
2010-05-05,0.9670000000000001
2010-05-04,0.96025
2010-05-03,0.95525
2010-04-30,0.99925
2010-04-29,0.9897499999999999
2010-04-28,0.9804999999999999
2010-04-27,0.9804999999999999
2010-04-26,0.9952500000000001
2010-04-23,0.99225
2010-04-22,0.9975
2010-04-21,0.996
2010-04-20,0.98675
2010-04-19,0.9895
2010-04-16,0.9875
2010-04-15,0.98
2010-04-14,0.97125
2010-04-13,0.9832500000000001
2010-04-12,0.99
2010-04-09,0.9965
2010-04-08,0.9934999999999999
2010-04-07,0.9945
2010-04-06,0.9725
2010-04-05,0.9732500000000001
2010-04-01,0.9665
2010-03-31,0.9655
2010-03-30,0.9605
2010-03-29,0.95375
2010-03-26,0.94025
2010-03-25,0.9475
2010-03-24,0.9572499999999999
2010-03-23,0.9570000000000001
2010-03-22,0.971
2010-03-19,0.9797499999999999
2010-03-18,0.9752500000000001
2010-03-17,0.9615
2010-03-16,0.95475
2010-03-15,0.9565
2010-03-12,0.951
2010-03-11,0.93825
2010-03-10,0.93875
2010-03-09,0.9440000000000001
2010-03-08,0.9420000000000001
2010-03-05,0.9295
2010-03-04,0.93025
2010-03-03,0.929
2010-03-02,0.9277500000000001
2010-03-01,0.9172499999999999
2010-02-26,0.903
2010-02-25,0.919
2010-02-24,0.9177500000000001
2010-02-23,0.9175
2010-02-22,0.9205
2010-02-19,0.9277500000000001
2010-02-18,0.92175
2010-02-17,0.90825
2010-02-16,0.9047499999999999
2010-02-12,0.89375
2010-02-11,0.894
2010-02-10,0.88825
2010-02-09,0.8875
2010-02-08,0.8767499999999999
2010-02-05,0.87425
2010-02-04,0.8654999999999999
2010-02-03,0.8645
2010-02-02,0.86225
2010-02-01,0.8525
2010-01-29,0.858
2010-01-28,0.8565
2010-01-27,0.85375
2010-01-26,0.8552500000000001
2010-01-25,0.862
2010-01-22,0.86625
2010-01-21,0.8684999999999999
2010-01-20,0.8745
2010-01-19,0.879
2010-01-18,0.9058799999999999
2010-01-15,0.8734999999999999
2010-01-14,0.8665
2010-01-13,0.857
2010-01-12,0.8545
2010-01-11,0.8504999999999999
2010-01-08,0.8582500000000001
2010-01-07,0.85925
2010-01-06,0.8595
2010-01-05,0.8632500000000001
2010-01-04,0.85375
2010-01-01,0.86238
2009-12-31,0.86
2009-12-30,0.846
2009-12-29,0.8422499999999999
2009-12-28,0.83675
2009-12-25,0.8483799999999999
2009-12-24,0.83075
2009-12-23,0.8327500000000001
2009-12-22,0.8195
2009-12-21,0.8222499999999999
2009-12-18,0.8205
2009-12-17,0.8142499999999999
2009-12-16,0.82125
2009-12-15,0.821
2009-12-14,0.8105
2009-12-11,0.8015000000000001
2009-12-10,0.7909999999999999
2009-12-09,0.792
2009-12-08,0.80875
2009-12-07,0.81125
2009-12-04,0.81
2009-12-03,0.8079999999999999
2009-12-02,0.821
2009-12-01,0.8255
2009-11-30,0.8320000000000001
2009-11-27,0.8320000000000001
2009-11-26,0.8593799999999999
2009-11-25,0.83675
2009-11-24,0.8340000000000001
2009-11-23,0.8405
2009-11-20,0.8395
2009-11-19,0.83675
2009-11-18,0.83075
2009-11-17,0.84075
2009-11-16,0.83575
2009-11-13,0.83325
2009-11-12,0.8284999999999999
2009-11-11,0.8365
2009-11-10,0.846
2009-11-09,0.8495
2009-11-06,0.85
2009-11-05,0.8634999999999999
2009-11-04,0.8625
2009-11-03,0.857
2009-11-02,0.86225
2009-10-30,0.8165
2009-10-29,0.8465
2009-10-28,0.8554999999999999
2009-10-27,0.86125
2009-10-26,0.86125
2009-10-23,0.8634999999999999
2009-10-22,0.8595
2009-10-21,0.866
2009-10-20,0.8490000000000001
2009-10-19,0.847
2009-10-16,0.841
2009-10-15,0.838
2009-10-14,0.8325
2009-10-13,0.8220000000000001
2009-10-12,0.8220000000000001
2009-10-09,0.82625
2009-10-08,0.81875
2009-10-07,0.8222499999999999
2009-10-06,0.823
2009-10-05,0.82675
2009-10-02,0.8295
2009-10-01,0.841
2009-09-30,0.856
2009-09-29,0.8565
2009-09-28,0.861
2009-09-25,0.8604999999999999
2009-09-24,0.861
2009-09-23,0.8645
2009-09-22,0.85275
2009-09-21,0.8497499999999999
2009-09-18,0.8554999999999999
2009-09-17,0.85775
2009-09-16,0.8697499999999999
2009-09-15,0.87225
2009-09-14,0.8704999999999999
2009-09-11,0.87225
2009-09-10,0.87225
2009-09-09,0.8755
2009-09-08,0.871
2009-09-04,0.8665
2009-09-03,0.86725
2009-09-02,0.86775
2009-09-01,0.861
2009-08-31,0.82675
2009-08-28,0.8465
2009-08-27,0.85175
2009-08-26,0.85075
2009-08-25,0.8545
2009-08-24,0.85175
2009-08-21,0.85
2009-08-20,0.848
2009-08-19,0.8482500000000001
2009-08-18,0.8495
2009-08-17,0.843
2009-08-14,0.8465
2009-08-13,0.84175
2009-08-12,0.84425
2009-08-11,0.833
2009-08-10,0.8327500000000001
2009-08-07,0.8384999999999999
2009-08-06,0.8320000000000001
2009-08-05,0.84025
2009-08-04,0.84075
2009-08-03,0.8445
2009-07-31,0.847
2009-07-30,0.84575
2009-07-29,0.8395
2009-07-28,0.84925
2009-07-27,0.847
2009-07-24,0.8452500000000001
2009-07-23,0.8502500000000001
2009-07-22,0.8502500000000001
2009-07-21,0.8602500000000001
2009-07-20,0.868
2009-07-17,0.86375
2009-07-16,0.856
2009-07-15,0.84925
2009-07-14,0.8504999999999999
2009-07-13,0.84775
2009-07-10,0.83475
2009-07-09,0.83475
2009-07-08,0.8334999999999999
2009-07-07,0.8420000000000001
2009-07-06,0.84425
2009-07-02,0.84875
2009-07-01,0.8575
2009-06-30,0.82525
2009-06-29,0.84625
2009-06-26,0.82475
2009-06-25,0.8195
2009-06-24,0.8165
2009-06-23,0.8184999999999999
2009-06-22,0.81475
2009-06-19,0.80925
2009-06-18,0.8077500000000001
2009-06-17,0.802
2009-06-16,0.7959999999999999
2009-06-15,0.799
2009-06-12,0.80475
2009-06-11,0.8009999999999999
2009-06-10,0.7975
2009-06-09,0.80175
2009-06-08,0.79425
2009-06-05,0.8015000000000001
2009-06-04,0.80025
2009-06-03,0.795
2009-06-02,0.7927500000000001
2009-06-01,0.80525
2009-05-29,0.81325
2009-05-28,0.815
2009-05-27,0.82375
2009-05-26,0.82825
2009-05-22,0.82525
2009-05-21,0.82525
2009-05-20,0.8222499999999999
2009-05-19,0.81675
2009-05-18,0.82525
2009-05-15,0.82375
2009-05-14,0.828
2009-05-13,0.825
2009-05-12,0.8320000000000001
2009-05-11,0.8327500000000001
2009-05-08,0.82975
2009-05-07,0.82025
2009-05-06,0.81875
2009-05-05,0.82125
2009-05-04,0.81875
2009-05-01,0.821
2009-04-30,0.8755
2009-04-29,0.8675
2009-04-28,0.8590000000000001
2009-04-27,0.8615
2009-04-24,0.8684999999999999
2009-04-23,0.8775
2009-04-22,0.87575
2009-04-21,0.8797499999999999
2009-04-20,0.87375
2009-04-17,0.88325
2009-04-16,0.8855
2009-04-15,0.87425
2009-04-14,0.8634999999999999
2009-04-13,0.8747499999999999
2009-04-09,0.8752500000000001
2009-04-08,0.8604999999999999
2009-04-07,0.86275
2009-04-06,0.8652500000000001
2009-04-03,0.8604999999999999
2009-04-02,0.85175
2009-04-01,0.8377500000000001
2009-03-31,0.8392499999999999
2009-03-30,0.82825
2009-03-27,0.84325
2009-03-26,0.8427500000000001
2009-03-25,0.84625
2009-03-24,0.8545
2009-03-23,0.8595
2009-03-20,0.852
2009-03-19,0.8475
2009-03-18,0.8355
2009-03-17,0.843
2009-03-16,0.8445
2009-03-13,0.8465
2009-03-12,0.8390000000000001
2009-03-11,0.8255
2009-03-10,0.82875
2009-03-09,0.8320000000000001
2009-03-06,0.8245
2009-03-05,0.8390000000000001
2009-03-04,0.8465
2009-03-03,0.8422499999999999
2009-03-02,0.8395
2009-02-27,0.82525
2009-02-26,0.8295
2009-02-25,0.8195
2009-02-24,0.8220000000000001
2009-02-23,0.8109999999999999
2009-02-20,0.80675
2009-02-19,0.812
2009-02-18,0.79925
2009-02-17,0.8125
2009-02-13,0.8405
2009-02-12,0.8434999999999999
2009-02-11,0.8452500000000001
2009-02-10,0.84775
2009-02-09,0.847
2009-02-06,0.8365
2009-02-05,0.83625
2009-02-04,0.83175
2009-02-03,0.83525
2009-02-02,0.8390000000000001
2009-01-30,0.82
2009-01-29,0.8109999999999999
2009-01-28,0.81175
2009-01-27,0.8127500000000001
2009-01-26,0.8234999999999999
2009-01-23,0.82675
2009-01-22,0.8227500000000001
2009-01-21,0.8234999999999999
2009-01-20,0.82625
2009-01-16,0.8452500000000001
2009-01-15,0.8434999999999999
2009-01-14,0.8334999999999999
2009-01-13,0.84075
2009-01-12,0.8290000000000001
2009-01-09,0.831
2009-01-08,0.8315
2009-01-07,0.85775
2009-01-06,0.8855
2009-01-05,0.8755
2009-01-02,0.871
2008-12-31,0.8447499999999999
2008-12-30,0.85875
2008-12-29,0.8597499999999999
2008-12-26,0.8590000000000001
2008-12-24,0.8747499999999999
2008-12-23,0.8565
2008-12-22,0.8597499999999999
2008-12-19,0.861
2008-12-18,0.847
2008-12-17,0.8645
2008-12-16,0.86575
2008-12-15,0.8415
2008-12-12,0.83325
2008-12-11,0.8447499999999999
2008-12-10,0.83975
2008-12-09,0.826
2008-12-08,0.831
2008-12-05,0.8155
2008-12-04,0.83075
2008-12-03,0.83825
2008-12-02,0.8434999999999999
2008-12-01,0.8545
2008-11-28,0.87375
2008-11-26,0.87425
2008-11-25,0.8582500000000001
2008-11-24,0.8665
2008-11-21,0.8490000000000001
2008-11-20,0.858
2008-11-19,0.8420000000000001
2008-11-18,0.8715
2008-11-17,0.883
2008-11-14,0.9005
2008-11-13,0.9055
2008-11-12,0.9052500000000001
2008-11-11,0.9159999999999999
2008-11-10,0.9265000000000001
2008-11-07,0.9279999999999999
2008-11-06,0.9329999999999999
2008-11-05,0.9427500000000001
2008-11-04,0.9384999999999999
2008-11-03,0.93325
2008-10-31,0.9375
2008-10-30,0.935
2008-10-29,0.9165000000000001
2008-10-28,0.8975
2008-10-27,0.88925
2008-10-24,0.8785
2008-10-23,0.8975
2008-10-22,0.9115000000000001
2008-10-21,0.91825
2008-10-20,0.90825
2008-10-17,0.9105
2008-10-16,0.8945000000000001
2008-10-15,0.89225
2008-10-14,0.91525
2008-10-13,0.91
2008-10-10,0.89125
2008-10-09,0.92125
2008-10-08,0.9245
2008-10-07,0.934
2008-10-06,0.9259999999999999
2008-10-03,0.956
2008-10-02,0.9570000000000001
2008-10-01,0.98575
2008-09-30,0.9890000000000001
2008-09-29,0.9804999999999999
2008-09-26,1.0095
2008-09-25,1.0095
2008-09-24,1.02175
2008-09-23,1.022
2008-09-22,1.0245
2008-09-19,1.0155
2008-09-18,1.005
2008-09-17,1.026
2008-09-16,1.0275
2008-09-15,1.0375
2008-09-12,1.0215
2008-09-11,1.0205
2008-09-10,1.0165
2008-09-09,1.0265
2008-09-08,1.0305
2008-09-05,1.0295
2008-09-04,1.033
2008-09-03,1.0315
2008-09-02,1.0375
2008-08-29,1.0177500000000002
2008-08-28,1.01075
2008-08-27,1.00625
2008-08-26,1.0170000000000001
2008-08-25,1.02
2008-08-22,1.0185
2008-08-21,1.0145
2008-08-20,1.0070000000000001
2008-08-19,1.0070000000000001
2008-08-18,1.01925
2008-08-15,1.01675
2008-08-14,1.0334999999999999
2008-08-13,1.03175
2008-08-12,1.0277500000000002
2008-08-11,1.023
2008-08-08,1.01475
2008-08-07,1.0145
2008-08-06,1.0234999999999999
2008-08-05,1.0022499999999999
2008-08-04,1.00175
2008-08-01,1.00025
2008-07-31,0.9840000000000001
2008-07-30,0.97875
2008-07-29,0.9754999999999999
2008-07-28,0.97075
2008-07-25,0.9782500000000001
2008-07-24,0.9854999999999999
2008-07-23,0.9815
2008-07-22,0.976
2008-07-21,0.985
2008-07-18,0.975
2008-07-17,0.9740000000000001
2008-07-16,0.986
2008-07-15,0.996
2008-07-14,0.99125
2008-07-11,1.012
2008-07-10,1.0205
2008-07-09,1.0255
2008-07-08,1.021
2008-07-07,1.023
2008-07-04,1.038
2008-07-03,1.038
2008-07-02,1.04
2008-07-01,1.03325
2008-06-30,1.006
2008-06-27,1.00975
2008-06-26,0.98
2008-06-25,0.9804999999999999
2008-06-24,0.977
2008-06-23,0.9665
2008-06-20,0.95575
2008-06-19,0.95175
2008-06-18,0.96125
2008-06-17,0.96325
2008-06-16,0.9672499999999999
2008-06-13,0.95575
2008-06-12,0.94825
2008-06-11,0.9445
2008-06-10,0.935
2008-06-09,0.93175
2008-06-06,0.9384999999999999
2008-06-05,0.945
2008-06-04,0.9425
2008-06-03,0.94325
2008-06-02,0.9540000000000001
2008-05-30,0.96525
2008-05-29,0.9595
2008-05-28,0.9672499999999999
2008-05-27,0.9670000000000001
2008-05-23,0.96175
2008-05-22,0.9515
2008-05-21,0.94625
2008-05-20,0.9365000000000001
2008-05-19,0.9309999999999999
2008-05-16,0.93875
2008-05-15,0.9434999999999999
2008-05-14,0.94625
2008-05-13,0.9434999999999999
2008-05-12,0.943
2008-05-09,0.94525
2008-05-08,0.9365000000000001
2008-05-07,0.91825
2008-05-06,0.91825
2008-05-05,0.912
2008-05-02,0.92125
2008-05-01,0.9145
2008-04-30,0.9165000000000001
2008-04-29,0.92175
2008-04-28,0.924
2008-04-25,0.9227500000000001
2008-04-24,0.9225
2008-04-23,0.917
2008-04-22,0.90825
2008-04-21,0.9002500000000001
2008-04-18,0.8955
2008-04-17,0.90325
2008-04-16,0.9005
2008-04-15,0.8947499999999999
2008-04-14,0.8915000000000001
2008-04-11,0.887
2008-04-10,0.8847499999999999
2008-04-09,0.86775
2008-04-08,0.87875
2008-04-07,0.87875
2008-04-04,0.879
2008-04-03,0.877
2008-04-02,0.862
2008-04-01,0.8740000000000001
2008-03-31,0.87425
2008-03-28,0.8765000000000001
2008-03-27,0.88625
2008-03-26,0.9015000000000001
2008-03-25,0.9115000000000001
2008-03-24,0.90425
2008-03-20,0.90675
2008-03-19,0.89625
2008-03-18,0.9095
2008-03-17,0.89225
2008-03-14,0.905
2008-03-13,0.8955
2008-03-12,0.90325
2008-03-11,0.899
2008-03-10,0.8975
2008-03-07,0.9052500000000001
2008-03-06,0.8995000000000001
2008-03-05,0.9059999999999999
2008-03-04,0.912
2008-03-03,0.9265000000000001
2008-02-29,0.92975
2008-02-28,0.9355
2008-02-27,0.9322499999999999
2008-02-26,0.9325
2008-02-25,0.9259999999999999
2008-02-22,0.92
2008-02-21,0.91925
2008-02-20,0.9207500000000001
2008-02-19,0.91375
2008-02-15,0.914
2008-02-14,0.91525
2008-02-13,0.915
2008-02-12,0.91925
2008-02-11,0.92175
2008-02-08,0.922
2008-02-07,0.92675
2008-02-06,0.9145
2008-02-05,0.915
2008-02-04,0.9052500000000001
2008-02-01,0.90225
2008-01-31,0.909
2008-01-30,0.914
2008-01-29,0.9115000000000001
2008-01-28,0.9075
2008-01-25,0.914
2008-01-24,0.91125
2008-01-23,0.9045000000000001
2008-01-22,0.91025
2008-01-18,0.91
2008-01-17,0.909
2008-01-16,0.9005
2008-01-15,0.9079999999999999
2008-01-14,0.909
2008-01-11,0.9135
2008-01-10,0.932
2008-01-09,0.9327500000000001
2008-01-08,0.94075
2008-01-07,0.946
2008-01-04,0.9455
2008-01-03,0.9477500000000001
2008-01-02,0.9625
2007-12-31,0.9625
2007-12-28,0.935
2007-12-27,0.9322499999999999
2007-12-26,0.9075
2007-12-24,0.9109999999999999
2007-12-21,0.9209999999999999
2007-12-20,0.92375
2007-12-19,0.92525
2007-12-18,0.93175
2007-12-17,0.92875
2007-12-14,0.9259999999999999
2007-12-13,0.91975
2007-12-12,0.93525
2007-12-11,0.943
2007-12-10,0.9440000000000001
2007-12-07,0.94025
2007-12-06,0.9384999999999999
2007-12-05,0.9372499999999999
2007-12-04,0.9427500000000001
2007-12-03,0.9422499999999999
2007-11-30,0.9384999999999999
2007-11-29,0.94575
2007-11-28,0.95
2007-11-27,0.961
2007-11-26,0.9690000000000001
2007-11-23,0.9677500000000001
2007-11-21,0.9634999999999999
2007-11-20,0.96175
2007-11-19,0.95175
2007-11-16,0.953
2007-11-15,0.95325
2007-11-14,0.95575
2007-11-13,0.95575
2007-11-12,0.951
2007-11-09,0.955
2007-11-08,0.9540000000000001
2007-11-07,0.94875
2007-11-06,0.9575
2007-11-05,0.9584999999999999
2007-11-02,0.9472499999999999
2007-11-01,0.941
2007-10-31,0.948
2007-10-30,0.94375
2007-10-29,0.94025
2007-10-26,0.94375
2007-10-25,0.9540000000000001
2007-10-24,0.95125
2007-10-23,0.95975
2007-10-22,0.9605
2007-10-19,0.953
2007-10-18,0.9540000000000001
2007-10-17,0.95
2007-10-16,0.9525
2007-10-15,0.9515
2007-10-12,0.9445
2007-10-11,0.94675
2007-10-10,0.941
2007-10-09,0.9390000000000001
2007-10-08,0.9372499999999999
2007-10-05,0.93675
2007-10-04,0.9534999999999999
2007-10-03,0.951
2007-10-02,0.9572499999999999
2007-10-01,0.9622499999999999
2007-09-28,0.9695
2007-09-27,0.9690000000000001
2007-09-26,0.9725
2007-09-25,0.97575
2007-09-24,0.9765
2007-09-21,0.9670000000000001
2007-09-20,0.953
2007-09-19,0.955
2007-09-18,0.9565
2007-09-17,0.94975
2007-09-14,0.9525
2007-09-13,0.94675
2007-09-12,0.9472499999999999
2007-09-11,0.9570000000000001
2007-09-10,0.9570000000000001
2007-09-07,0.961
2007-09-06,0.968
2007-09-05,0.9704999999999999
2007-09-04,0.97625
2007-08-31,0.941
2007-08-30,0.94575
2007-08-29,0.9465
2007-08-28,0.9440000000000001
2007-08-27,0.9420000000000001
2007-08-24,0.94375
2007-08-23,0.9365000000000001
2007-08-22,0.9227500000000001
2007-08-21,0.92875
2007-08-20,0.9195
2007-08-17,0.9195
2007-08-16,0.904
2007-08-15,0.92125
2007-08-14,0.91025
2007-08-13,0.9075
2007-08-10,0.90225
2007-08-09,0.9079999999999999
2007-08-08,0.91375
2007-08-07,0.919
2007-08-06,0.93375
2007-08-03,0.9359999999999999
2007-08-02,0.92925
2007-08-01,0.93425
2007-07-31,0.94875
2007-07-30,0.9427500000000001
2007-07-27,0.93625
2007-07-26,0.92025
2007-07-25,0.9207500000000001
2007-07-24,0.92625
2007-07-23,0.91975
2007-07-20,0.90825
2007-07-19,0.90825
2007-07-18,0.91375
2007-07-17,0.91425
2007-07-16,0.9135
2007-07-13,0.91625
2007-07-12,0.92125
2007-07-11,0.9225
2007-07-10,0.91975
2007-07-09,0.92525
2007-07-06,0.925
2007-07-05,0.907
2007-07-03,0.8997499999999999
2007-07-02,0.8967499999999999
2007-06-29,0.855
2007-06-28,0.86925
2007-06-27,0.853
2007-06-26,0.8554999999999999
2007-06-25,0.875
2007-06-22,0.878
2007-06-21,0.8797499999999999
2007-06-20,0.8875
2007-06-19,0.9009999999999999
2007-06-18,0.90625
2007-06-15,0.9055
2007-06-14,0.9059999999999999
2007-06-13,0.8965000000000001
2007-06-12,0.9045000000000001
2007-06-11,0.9065000000000001
2007-06-08,0.89725
2007-06-07,0.8967499999999999
2007-06-06,0.9
2007-06-05,0.91025
2007-06-04,0.91125
2007-06-01,0.9079999999999999
2007-05-31,0.9115000000000001
2007-05-30,0.907
2007-05-29,0.91
2007-05-25,0.9105
2007-05-24,0.9109999999999999
2007-05-23,0.9185
2007-05-22,0.925
2007-05-21,0.9359999999999999
2007-05-18,0.9265000000000001
2007-05-17,0.92425
2007-05-16,0.9295
2007-05-15,0.93125
2007-05-14,0.932
2007-05-11,0.934
2007-05-10,0.927
2007-05-09,0.924
2007-05-08,0.92325
2007-05-07,0.9195
2007-05-04,0.92175
2007-05-03,0.9172499999999999
2007-05-02,0.9384999999999999
2007-05-01,0.93875
2007-04-30,0.97275
2007-04-27,0.972
2007-04-26,0.9655
2007-04-25,0.9695
2007-04-24,0.9690000000000001
2007-04-23,0.97425
2007-04-20,0.95625
2007-04-19,0.9645
2007-04-18,0.97125
2007-04-17,0.9765
2007-04-16,0.973
2007-04-13,0.9704999999999999
2007-04-12,0.9734999999999999
2007-04-11,0.99925
2007-04-10,1.00275
2007-04-09,1.0090000000000001
2007-04-05,1.0045
2007-04-04,0.9904999999999999
2007-04-03,0.9852500000000001
2007-04-02,0.99
2007-03-30,0.976
2007-03-29,0.96375
2007-03-28,0.96175
2007-03-27,0.96825
2007-03-26,0.9804999999999999
2007-03-23,0.981
2007-03-22,0.9840000000000001
2007-03-21,0.97725
2007-03-20,0.976
2007-03-19,0.978
2007-03-16,0.971
2007-03-15,0.9904999999999999
2007-03-14,0.9997499999999999
2007-03-13,1.001
2007-03-12,1.02025
2007-03-09,1.0145
2007-03-08,1.01025
2007-03-07,0.9854999999999999
2007-03-06,0.976
2007-03-05,0.9734999999999999
2007-03-02,0.9765
2007-03-01,0.9615
2007-02-28,0.9445
2007-02-27,0.9475
2007-02-26,0.94975
2007-02-23,0.94175
2007-02-22,0.93475
2007-02-21,0.93475
2007-02-20,0.92675
2007-02-16,0.9390000000000001
2007-02-15,0.94125
2007-02-14,0.9422499999999999
2007-02-13,0.9440000000000001
2007-02-12,0.937
2007-02-09,0.932
2007-02-08,0.9335
2007-02-07,0.9365000000000001
2007-02-06,0.92475
2007-02-05,0.9165000000000001
2007-02-02,0.9105
2007-02-01,0.89825
2007-01-31,0.90225
2007-01-30,0.89925
2007-01-29,0.9059999999999999
2007-01-26,0.90225
2007-01-25,0.90125
2007-01-24,0.8985
2007-01-23,0.89575
2007-01-22,0.9025
2007-01-19,0.9105
2007-01-18,0.924
2007-01-17,0.9255
2007-01-16,0.9227500000000001
2007-01-12,0.9179999999999999
2007-01-11,0.9359999999999999
2007-01-10,0.9395
2007-01-09,0.9229999999999999
2007-01-08,0.9325
2007-01-05,0.9257500000000001
2007-01-04,0.9222499999999999
2007-01-03,0.9309999999999999
2006-12-29,0.90425
2006-12-28,0.8967499999999999
2006-12-27,0.88875
2006-12-26,0.87225
2006-12-22,0.8702500000000001
2006-12-21,0.873
2006-12-20,0.87375
2006-12-19,0.868
2006-12-18,0.8682500000000001
2006-12-15,0.8640000000000001
2006-12-14,0.8545
2006-12-13,0.8604999999999999
2006-12-12,0.85725
2006-12-11,0.863
2006-12-08,0.8695
2006-12-07,0.8665
2006-12-06,0.8634999999999999
2006-12-05,0.865
2006-12-04,0.852
2006-12-01,0.855
2006-11-30,0.857
2006-11-29,0.852
2006-11-28,0.86375
2006-11-27,0.86625
2006-11-24,0.8765000000000001
2006-11-22,0.8775
2006-11-21,0.87875
2006-11-20,0.87425
2006-11-17,0.87575
2006-11-16,0.88125
2006-11-15,0.86725
2006-11-14,0.8584999999999999
2006-11-13,0.8575
2006-11-10,0.857
2006-11-09,0.85875
2006-11-08,0.8545
2006-11-07,0.853
2006-11-06,0.8554999999999999
2006-11-03,0.8590000000000001
2006-11-02,0.8675
2006-11-01,0.8755
2006-10-31,0.904
2006-10-30,0.9005
2006-10-27,0.89825
2006-10-26,0.9109999999999999
2006-10-25,0.894
2006-10-24,0.89225
2006-10-23,0.8935
2006-10-20,0.8767499999999999
2006-10-19,0.87875
2006-10-18,0.88575
2006-10-17,0.87925
2006-10-16,0.8759999999999999
2006-10-13,0.8845000000000001
2006-10-12,0.8875
2006-10-11,0.8835
2006-10-10,0.88275
2006-10-09,0.892
2006-10-06,0.90875
2006-10-05,0.9135
2006-10-04,0.90375
2006-10-03,0.9065000000000001
2006-10-02,0.9157500000000001
2006-09-29,0.9065000000000001
2006-09-28,0.90675
2006-09-27,0.91
2006-09-26,0.9115000000000001
2006-09-25,0.9072499999999999
2006-09-22,0.9009999999999999
2006-09-21,0.8975
2006-09-20,0.8905
2006-09-19,0.90125
2006-09-18,0.909
2006-09-15,0.90125
2006-09-14,0.8925
2006-09-13,0.90325
2006-09-12,0.9209999999999999
2006-09-11,0.9185
2006-09-08,0.9229999999999999
2006-09-07,0.9375
2006-09-06,0.9445
2006-09-05,0.94525
2006-09-01,0.9335
2006-08-31,0.90225
2006-08-30,0.89875
2006-08-29,0.894
2006-08-28,0.89325
2006-08-25,0.8865000000000001
2006-08-24,0.88125
2006-08-23,0.872
2006-08-22,0.8704999999999999
2006-08-21,0.8752500000000001
2006-08-18,0.87175
2006-08-17,0.871
2006-08-16,0.87925
2006-08-15,0.8775
2006-08-14,0.88325
2006-08-11,0.888
2006-08-10,0.8847499999999999
2006-08-09,0.863
2006-08-08,0.8534999999999999
2006-08-07,0.85425
2006-08-04,0.8482500000000001
2006-08-03,0.82875
2006-08-02,0.8292499999999999
2006-08-01,0.8375
2006-07-31,0.8372499999999999
2006-07-28,0.8334999999999999
2006-07-27,0.83475
2006-07-26,0.8427500000000001
2006-07-25,0.825
2006-07-24,0.82675
2006-07-21,0.8427500000000001
2006-07-20,0.8384999999999999
2006-07-19,0.8440000000000001
2006-07-18,0.8270000000000001
2006-07-17,0.8292499999999999
2006-07-14,0.84
2006-07-13,0.846
2006-07-12,0.8390000000000001
2006-07-11,0.8405
2006-07-10,0.8420000000000001
2006-07-07,0.8532500000000001
2006-07-06,0.8595
2006-07-05,0.8684999999999999
2006-07-03,0.8634999999999999
2006-06-30,0.8454999999999999
2006-06-29,0.8384999999999999
2006-06-28,0.8625
2006-06-27,0.86075
2006-06-26,0.853
2006-06-23,0.82875
2006-06-22,0.82625
2006-06-21,0.8175
2006-06-20,0.8195
2006-06-19,0.82525
2006-06-16,0.8165
2006-06-15,0.8095
2006-06-14,0.7822499999999999
2006-06-13,0.7805
2006-06-12,0.7825
2006-06-09,0.78525
2006-06-08,0.79875
2006-06-07,0.8035
2006-06-06,0.8022499999999999
2006-06-05,0.80175
2006-06-02,0.80325
2006-06-01,0.79975
2006-05-31,0.797
2006-05-30,0.8005
2006-05-26,0.794
2006-05-25,0.78425
2006-05-24,0.7795000000000001
2006-05-23,0.77625
2006-05-22,0.77325
2006-05-19,0.77225
2006-05-18,0.778
2006-05-17,0.77725
2006-05-16,0.7765000000000001
2006-05-15,0.7785
2006-05-12,0.774
2006-05-11,0.7645000000000001
2006-05-10,0.7509999999999999
2006-05-09,0.74875
2006-05-08,0.754
2006-05-05,0.7384999999999999
2006-05-04,0.742
2006-05-03,0.75125
2006-05-02,0.7509999999999999
2006-05-01,0.7502500000000001
2006-04-28,0.792
2006-04-27,0.78825
2006-04-26,0.8009999999999999
2006-04-25,0.7975
2006-04-24,0.79825
2006-04-21,0.8140000000000001
2006-04-20,0.82175
2006-04-19,0.82825
2006-04-18,0.82625
2006-04-17,0.826
2006-04-13,0.81875
2006-04-12,0.8175
2006-04-11,0.8085
2006-04-10,0.8029999999999999
2006-04-07,0.8122499999999999
2006-04-06,0.797
2006-04-05,0.789
2006-04-04,0.78325
2006-04-03,0.8022499999999999
2006-03-31,0.795
2006-03-30,0.81
2006-03-29,0.80625
2006-03-28,0.81475
2006-03-27,0.81875
2006-03-24,0.82475
2006-03-23,0.8327500000000001
2006-03-22,0.82975
2006-03-21,0.83475
2006-03-20,0.8334999999999999
2006-03-17,0.83025
2006-03-16,0.8342499999999999
2006-03-15,0.83
2006-03-14,0.831
2006-03-13,0.83625
2006-03-10,0.8345
2006-03-09,0.83975
2006-03-08,0.8415
2006-03-07,0.84775
2006-03-06,0.857
2006-03-03,0.8602500000000001
2006-03-02,0.868
2006-03-01,0.8702500000000001
2006-02-28,0.9015000000000001
2006-02-27,0.90225
2006-02-24,0.90075
2006-02-23,0.9077500000000001
2006-02-22,0.90625
2006-02-21,0.9055
2006-02-17,0.8995000000000001
2006-02-16,0.9045000000000001
2006-02-15,0.9085
2006-02-14,0.91475
2006-02-13,0.91475
2006-02-10,0.929
2006-02-09,0.9225
2006-02-08,0.9172499999999999
2006-02-07,0.91975
2006-02-06,0.9215000000000001
2006-02-03,0.9227500000000001
2006-02-02,0.9259999999999999
2006-02-01,0.9305
2006-01-31,0.9355
2006-01-30,0.9325
2006-01-27,0.9390000000000001
2006-01-26,0.9495
2006-01-25,0.9490000000000001
2006-01-24,0.9495
2006-01-23,0.95575
2006-01-20,0.9577500000000001
2006-01-19,0.96125
2006-01-18,0.96075
2006-01-17,0.9655
2006-01-13,0.95575
2006-01-12,0.95125
2006-01-11,0.9422499999999999
2006-01-10,0.9655
2006-01-09,0.96475
2006-01-06,0.9605
2006-01-05,0.9627500000000001
2006-01-04,0.96475
2006-01-03,0.96375
2005-12-30,0.9245
2005-12-29,0.9490000000000001
2005-12-28,0.9522499999999999
2005-12-27,0.9477500000000001
2005-12-23,0.948
2005-12-22,0.9477500000000001
2005-12-21,0.955
2005-12-20,0.96625
2005-12-19,0.9577500000000001
2005-12-16,0.95525
2005-12-15,0.94325
2005-12-14,0.946
2005-12-13,0.9372499999999999
2005-12-12,0.92475
2005-12-09,0.91925
2005-12-08,0.92425
2005-12-07,0.9275
2005-12-06,0.9272499999999999
2005-12-05,0.9285
2005-12-02,0.93025
2005-12-01,0.94375
2005-11-30,0.9345
2005-11-29,0.9285
2005-11-28,0.9275
2005-11-25,0.92625
2005-11-23,0.9195
2005-11-22,0.91025
2005-11-21,0.90325
2005-11-18,0.91025
2005-11-17,0.9122499999999999
2005-11-16,0.917
2005-11-15,0.917
2005-11-14,0.9107500000000001
2005-11-11,0.90425
2005-11-10,0.91975
2005-11-09,0.9195
2005-11-08,0.9172499999999999
2005-11-07,0.9179999999999999
2005-11-04,0.91475
2005-11-03,0.909
2005-11-02,0.903
2005-11-01,0.89925
2005-10-31,0.885
2005-10-28,0.89
2005-10-27,0.8825
2005-10-26,0.88075
2005-10-25,0.8885
2005-10-24,0.88375
2005-10-21,0.88575
2005-10-20,0.8925
2005-10-19,0.8959999999999999
2005-10-18,0.8897499999999999
2005-10-17,0.8835
2005-10-14,0.89275
2005-10-13,0.9145
2005-10-12,0.9077500000000001
2005-10-11,0.9077500000000001
2005-10-10,0.9079999999999999
2005-10-07,0.9025
2005-10-06,0.89725
2005-10-05,0.903
2005-10-04,0.9095
2005-10-03,0.89225
2005-09-30,0.89125
2005-09-29,0.88425
2005-09-28,0.87125
2005-09-27,0.87425
2005-09-26,0.87225
2005-09-23,0.86775
2005-09-22,0.8625
2005-09-21,0.8565
2005-09-20,0.8582500000000001
2005-09-19,0.86075
2005-09-16,0.86075
2005-09-15,0.86375
2005-09-14,0.855
2005-09-13,0.853
2005-09-12,0.85625
2005-09-09,0.8482500000000001
2005-09-08,0.8345
2005-09-07,0.8292499999999999
2005-09-06,0.82875
2005-09-02,0.812
2005-09-01,0.8105
2005-08-31,0.8325
2005-08-30,0.8275
2005-08-29,0.8322499999999999
2005-08-26,0.82375
2005-08-25,0.815
2005-08-24,0.8105
2005-08-23,0.8055
2005-08-22,0.8025
2005-08-19,0.80475
2005-08-18,0.7977500000000001
2005-08-17,0.7915000000000001
2005-08-16,0.7877500000000001
2005-08-15,0.7879999999999999
2005-08-12,0.7907500000000001
2005-08-11,0.8027500000000001
2005-08-10,0.79875
2005-08-09,0.79925
2005-08-08,0.7979999999999999
2005-08-05,0.8057500000000001
2005-08-04,0.80625
2005-08-03,0.823
2005-08-02,0.8172499999999999
2005-08-01,0.81875
2005-07-29,0.812
2005-07-28,0.7957500000000001
2005-07-27,0.7935
2005-07-26,0.7915000000000001
2005-07-25,0.7875
2005-07-22,0.7925
2005-07-21,0.79125
2005-07-20,0.79425
2005-07-19,0.7927500000000001
2005-07-18,0.785
2005-07-15,0.78525
2005-07-14,0.7895
2005-07-13,0.79125
2005-07-12,0.78525
2005-07-11,0.78075
2005-07-08,0.7935
2005-07-07,0.8009999999999999
2005-07-06,0.80625
2005-07-05,0.8015000000000001
2005-07-01,0.79325
2005-06-30,0.8277500000000001
2005-06-29,0.82375
2005-06-28,0.8265
2005-06-27,0.82525
2005-06-24,0.82175
2005-06-23,0.821
2005-06-22,0.8205
2005-06-21,0.8172499999999999
2005-06-20,0.8205
2005-06-17,0.812
2005-06-16,0.812
2005-06-15,0.8190000000000001
2005-06-14,0.8290000000000001
2005-06-13,0.823
2005-06-10,0.838
2005-06-09,0.83625
2005-06-08,0.846
2005-06-07,0.8504999999999999
2005-06-06,0.853
2005-06-03,0.8497499999999999
2005-06-02,0.8445
2005-06-01,0.8445
2005-05-31,0.9
2005-05-27,0.9
2005-05-26,0.9
2005-05-25,0.9
2005-05-24,0.9
2005-05-23,0.9
2005-05-20,0.9
2005-05-19,0.9
2005-05-18,0.9
2005-05-17,0.9
2005-05-16,0.9
2005-05-13,0.9
2005-05-12,0.9
2005-05-11,0.9
2005-05-10,0.9
2005-05-09,0.9
2005-05-06,0.9
2005-05-05,0.9
2005-05-04,0.9
2005-05-03,0.9
2005-05-02,0.9
2005-04-29,0.9392499999999999
2005-04-28,0.9235
2005-04-27,0.9245
2005-04-26,0.9390000000000001
2005-04-25,0.9375
2005-04-22,0.92025
2005-04-21,0.914
2005-04-20,0.9109999999999999
2005-04-19,0.9055
2005-04-18,0.89925
2005-04-15,0.8945000000000001
2005-04-14,0.89925
2005-04-13,0.8902500000000001
2005-04-12,0.8902500000000001
2005-04-11,0.8802500000000001
2005-04-08,0.88275
2005-04-07,0.87775
2005-04-06,0.8795000000000001
2005-04-05,0.8895000000000001
2005-04-04,0.88775
2005-04-01,0.89725
2005-03-31,0.92
2005-03-30,0.92
2005-03-29,0.9009999999999999
2005-03-28,0.889
2005-03-24,0.889
2005-03-23,0.895
2005-03-22,0.895
2005-03-21,0.9
2005-03-18,0.899
2005-03-17,0.899
2005-03-16,0.899
2005-03-15,0.899
2005-03-14,0.8975
2005-03-11,0.8825
2005-03-10,0.88
2005-03-09,0.88
2005-03-08,0.88
2005-03-07,0.88
2005-03-04,0.8755
2005-03-03,0.8734999999999999
2005-03-02,0.8734999999999999
2005-03-01,0.8734999999999999
2005-02-28,0.87225
2005-02-25,0.87825
2005-02-24,0.8817499999999999
2005-02-23,0.88075
2005-02-22,0.883
2005-02-18,0.8895000000000001
2005-02-17,0.905
2005-02-16,0.905
2005-02-15,0.902
2005-02-14,0.904
2005-02-11,0.9009999999999999
2005-02-10,0.8975
2005-02-09,0.91675
2005-02-08,0.92125
2005-02-07,0.9122499999999999
2005-02-04,0.90925
2005-02-03,0.91
2005-02-02,0.907
2005-02-01,0.9077500000000001
2005-01-31,0.91
2005-01-28,0.91
2005-01-27,0.91
2005-01-26,0.91
2005-01-25,0.915
2005-01-24,0.915
2005-01-21,0.925
2005-01-20,0.93
2005-01-19,0.93
2005-01-18,0.93
2005-01-14,0.93
2005-01-13,0.93
2005-01-12,0.93
2005-01-11,0.93
2005-01-10,0.92
2005-01-07,0.9075
2005-01-06,0.92
2005-01-05,0.9225
2005-01-04,0.9225
